|film|film:|m|0kt_4	|film|film_genre:|m|01g6gs	-4.5326609347412425	*

|film|film:|m|0f61tk	|film|film_genre:|m|01f9r0	-0.3522073792178627	

|film|film:|m|03phtz	|film|film_genre:|m|03g3w	-0.6101723287433315	

|film|film:|m|017n9	|film|film_genre:|m|02m4t	-0.5884010548962147	*
|film|film:|m|017n9	|film|film_genre:|m|03j0dp	-0.826734906327617	*

|film|film:|m|044g_k	|film|film_genre:|m|0bxg3	-0.6262807076558824	

|film|film:|m|0hfzr	|film|film_genre:|m|09blyk	5.829073248435818	
|film|film:|m|0hfzr	|film|film_genre:|m|03bxz7	3.0586696175076438	*
|film|film:|m|0hfzr	|film|film_genre:|m|01g6gs	1.8015015979443683	*

|film|film:|m|0435vm	|film|film_genre:|m|09blyk	-0.65473509623529	

|film|film:|m|03tn80	|film|film_genre:|m|0c3351	2.853226880426376	
|film|film:|m|03tn80	|film|film_genre:|m|0jxy	-0.22439695350468564	

|film|film:|m|01hq1	|film|film_genre:|m|0lsxr	4.4199604597050755	*
|film|film:|m|01hq1	|film|film_genre:|m|01hmnh	2.4216425561532886	*
|film|film:|m|01hq1	|film|film_genre:|m|0hfjk	-0.5454449024382919	

|film|film:|m|05cj_j	|film|film_genre:|m|09blyk	0.31816680874613956	*

|film|film:|m|03n0cd	|film|film_genre:|m|03q4nz	-1.018205923641624	

|film|film:|m|02vw1w2	|film|film_genre:|m|0bj8m2	1.9713243819276558	

|film|film:|m|09fn1w	|film|film_genre:|m|02p0szs	1.4762326876453935	*

|film|film:|m|063y9fp	|film|film_genre:|m|04228s	-0.5812601625135401	

|film|film:|m|03rz2b	|film|film_genre:|m|03q4nz	0.41515724081518357	*
|film|film:|m|03rz2b	|film|film_genre:|m|02n4lw	-0.39152793383895845	*

|film|film:|m|06cm5	|film|film_genre:|m|03j0dp	-0.5958166390485248	*

|film|film:|m|011ykb	|film|film_genre:|m|0vgkd	-0.21544624133222984	

|film|film:|m|01f8gz	|film|film_genre:|m|02n4lw	-3.3987623298673175	*

|film|film:|m|09lcsj	|film|film_genre:|m|09blyk	-0.5325917941378042	*
|film|film:|m|09lcsj	|film|film_genre:|m|03q4nz	-0.9001766139029618	

|film|film:|m|06bc59	|film|film_genre:|m|07s9rl0	2.4216425561532886	*
|film|film:|m|06bc59	|film|film_genre:|m|03npn	2.4216425561532886	*

|film|film:|m|018f8	|film|film_genre:|m|03bxz7	-0.06324797048672205	

|film|film:|m|04vh83	|film|film_genre:|m|06nbt	1.1054364368524552	

|film|film:|m|04j4tx	|film|film_genre:|m|09blyk	-1.1243146856788002	

|film|film:|m|0416y94	|film|film_genre:|m|0gf28	-0.21075917719360093	

|film|film:|m|05j82v	|film|film_genre:|m|03g3w	-0.10131857899790193	

|film|film:|m|04fv5b	|film|film_genre:|m|01585b	1.183968001511437	*
|film|film:|m|04fv5b	|film|film_genre:|m|0fdjb	-0.548543089319173	*

|film|film:|m|0jym0	|film|film_genre:|m|02hmvc	-0.35964525984386037	

|film|film:|m|0k2cb	|film|film_genre:|m|06nbt	-0.3599612179124168	
|film|film:|m|0k2cb	|film|film_genre:|m|017fp	-0.8226358194476003	

|film|film:|m|0d8w2n	|film|film_genre:|m|0gsy3b	0.14098270859587214	*
|film|film:|m|0d8w2n	|film|film_genre:|m|0clz1b	-0.2494700834094758	

|film|film:|m|017jd9	|film|film_genre:|m|07s9rl0	1.9983179035517868	*
|film|film:|m|017jd9	|film|film_genre:|m|01hmnh	1.9983179035517868	*

|film|film:|m|0260bz	|film|film_genre:|m|02p0szs	-0.008331738837776492	*

|film|film:|m|048yqf	|film|film_genre:|m|04t2t	-5.252680325172094	*

|film|film:|m|0hv1t	|film|film_genre:|m|02b5_l	0.25230270306439967	

|film|film:|m|09rfh9	|film|film_genre:|m|03npn	2.4216425561532886	*
|film|film:|m|09rfh9	|film|film_genre:|m|01585b	2.3920809924059214	*

|film|film:|m|01jft4	|film|film_genre:|m|05p553	2.4216425561532886	*

|film|film:|m|0yx7h	|film|film_genre:|m|0c3351	1.17383064820326	*

|film|film:|m|09qljs	|film|film_genre:|m|0bj8m2	-1.2405876854874516	

|film|film:|m|02704ff	|film|film_genre:|m|06qln	-0.11326434079655134	

|film|film:|m|01f6x7	|film|film_genre:|m|01jfsb	2.4216425561532886	*

|film|film:|m|03hfmm	|film|film_genre:|m|09blyk	-0.1981711559178811	

|film|film:|m|01kqq7	|film|film_genre:|m|0vgkd	-0.6277185730136402	*

|film|film:|m|0kb57	|film|film_genre:|m|01g6gs	1.2843330674991595	*
|film|film:|m|0kb57	|film|film_genre:|m|01j1n2	0.20769291345066	

|film|film:|m|0cq806	|film|film_genre:|m|04rlf	-0.16960691808586986	

|film|film:|m|0f4yh	|film|film_genre:|m|028v3	-0.3734165185089042	

|film|film:|m|08c4yn	|film|film_genre:|m|03q4nz	0.37089006275045555	*

|film|film:|m|01hqhm	|film|film_genre:|m|0hn10	0.3791554040495732	

|film|film:|m|08k40m	|film|film_genre:|m|02qfv5d	-0.056414194039961854	

|film|film:|m|032_wv	|film|film_genre:|m|017fp	-1.4327777104639638	

|film|film:|m|040_lv	|film|film_genre:|m|09blyk	-0.5306261618711878	
|film|film:|m|040_lv	|film|film_genre:|m|0556j8	-1.187413043013234	

|film|film:|m|02qr69m	|film|film_genre:|m|03g3w	0.2604441841016073	*

|film|film:|m|0320fn	|film|film_genre:|m|03bxz7	-0.5713640127130412	

|film|film:|m|015qqg	|film|film_genre:|m|0hn10	0.3859223622797833	

|film|film:|m|043tvp3	|film|film_genre:|m|0hn10	-7.562098360475413	

|film|film:|m|0cq8qq	|film|film_genre:|m|0hfjk	1.0132095744873013	*

|film|film:|m|011ywj	|film|film_genre:|m|0vgkd	-0.5390802245897315	

|film|film:|m|016mhd	|film|film_genre:|m|0hn10	-0.5834390985614439	*

|film|film:|m|04ltlj	|film|film_genre:|m|01f9r0	-0.08666755431918978	

|film|film:|m|07g1sm	|film|film_genre:|m|07s9rl0	2.4216425561532886	*
|film|film:|m|07g1sm	|film|film_genre:|m|0lsxr	2.4216425561532886	*
|film|film:|m|07g1sm	|film|film_genre:|m|0jxy	-2.3800797595931993	

|film|film:|m|047vp1n	|film|film_genre:|m|02b5_l	0.3386995193311937	*
|film|film:|m|047vp1n	|film|film_genre:|m|0gsy3b	0.3238008140710361	*

|film|film:|m|06cgf	|film|film_genre:|m|0gsy3b	-0.05050273490915935	*

|film|film:|m|05sxr_	|film|film_genre:|m|095bb	-0.33295403316160255	*

|film|film:|m|03bdkd	|film|film_genre:|m|09blyk	-0.6414477406640493	

|film|film:|m|02yy9r	|film|film_genre:|m|0gsy3b	-1.2718959256458964	

|film|film:|m|075cph	|film|film_genre:|m|09blyk	1.6423005141363802	*

|film|film:|m|0170xl	|film|film_genre:|m|017fp	2.734547463802689	*
|film|film:|m|0170xl	|film|film_genre:|m|0hn10	0.4593978286195972	*

|film|film:|m|06rhz7	|film|film_genre:|m|03bxz7	-0.8401945123776989	*

|film|film:|m|05_61y	|film|film_genre:|m|03g3w	2.0976439649242686	*

|film|film:|m|0prh7	|film|film_genre:|m|02p0szs	-0.5194504429811275	
|film|film:|m|0prh7	|film|film_genre:|m|017fp	-0.929366463015874	

|film|film:|m|01_1hw	|film|film_genre:|m|0ltv	-5.127194108365428	

|film|film:|m|0dq626	|film|film_genre:|m|0gf28	0.38889621326562906	

|film|film:|m|01k1k4	|film|film_genre:|m|0gf28	10.668742545396425	*

|film|film:|m|0bth54	|film|film_genre:|m|01zhp	2.0947874332140426	*

|film|film:|m|03_gz8	|film|film_genre:|m|04xvh5	1.9983179035517868	

|film|film:|m|03mr85	|film|film_genre:|m|01j1n2	-0.8729634000777919	*

|film|film:|m|02pb2bp	|film|film_genre:|m|0jxy	9.228967049245183	*

|film|film:|m|0htww	|film|film_genre:|m|01j1n2	-0.7464619577011463	

|film|film:|m|0g7pm1	|film|film_genre:|m|06qm3	-0.5725775111538192	*

|film|film:|m|07vn_9	|film|film_genre:|m|01f9r0	-0.7701139510821098	*

|film|film:|m|0yzbg	|film|film_genre:|m|06nbt	0.818058776888184	
|film|film:|m|0yzbg	|film|film_genre:|m|01j1n2	-0.43692805596278395	*

|film|film:|m|05dy7p	|film|film_genre:|m|03bxz7	-0.41550038069710027	*

|film|film:|m|01k5y0	|film|film_genre:|m|0hn10	0.4297471682667765	*

|film|film:|m|0gd92	|film|film_genre:|m|0gsy3b	-1.5923176804781125	*

|film|film:|m|020y73	|film|film_genre:|m|02p0szs	0.04344201243390808	*

|film|film:|m|07jqjx	|film|film_genre:|m|03bxz7	-0.9587921221142857	

|film|film:|m|0kbhf	|film|film_genre:|m|01g6gs	0.6447410109277789	*

|film|film:|m|07xvf	|film|film_genre:|m|02p0szs	0.013667606366828344	

|film|film:|m|03m8y5	|film|film_genre:|m|04dn71w	-1.0669540665690223	

|film|film:|m|03ckwzc	|film|film_genre:|m|070yc	-0.21687000889992009	

|film|film:|m|0ckt6	|film|film_genre:|m|01hwc6	1.4614030374013953	*

|film|film:|m|03wj4r8	|film|film_genre:|m|03bxz7	0.7240239929808703	*
|film|film:|m|03wj4r8	|film|film_genre:|m|04rlf	-0.43804130492537807	

|film|film:|m|039zft	|film|film_genre:|m|0bj8m2	-0.26993135425526293	*

|film|film:|m|016dj8	|film|film_genre:|m|06n90	2.4216425561532886	*
|film|film:|m|016dj8	|film|film_genre:|m|05p553	2.4216425561532886	*
|film|film:|m|016dj8	|film|film_genre:|m|0556j8	-1.9279531040765652	*

|film|film:|m|02__34	|film|film_genre:|m|03g3w	0.7661627562282841	
|film|film:|m|02__34	|film|film_genre:|m|0hfjk	0.07381660342685892	*

|film|film:|m|07bx6	|film|film_genre:|m|0gf28	-0.36453822357169685	
|film|film:|m|07bx6	|film|film_genre:|m|01g6gs	-0.8502588679605244	

|film|film:|m|0p9lw	|film|film_genre:|m|07s9rl0	1.9983179035517868	

|film|film:|m|03clwtw	|film|film_genre:|m|02qfv5d	0.7718589221020584	
|film|film:|m|03clwtw	|film|film_genre:|m|06qln	-0.7432185441105291	

|film|film:|m|02n72k	|film|film_genre:|m|0jxy	-3.6824073048734185	

|film|film:|m|06x43v	|film|film_genre:|m|017fp	-2.6426420952572305	

|film|film:|m|02kfzz	|film|film_genre:|m|01j1n2	1.1738134498523614	

|film|film:|m|0564x	|film|film_genre:|m|0jxy	6.4353472723514304	*

|film|film:|m|0k5px	|film|film_genre:|m|03bxz7	1.8553365135282123	*
|film|film:|m|0k5px	|film|film_genre:|m|01g6gs	0.7008602667352211	*

|film|film:|m|089j8p	|film|film_genre:|m|04rlf	0.6966745405900633	*
|film|film:|m|089j8p	|film|film_genre:|m|09blyk	-2.0571087453726253	
|film|film:|m|089j8p	|film|film_genre:|m|03g3w	-2.6442543840834407	

|film|film:|m|0462hhb	|film|film_genre:|m|0gf28	-1.643399076269564	

|film|film:|m|0bbgly	|film|film_genre:|m|02js9	-0.14397329272524306	

|film|film:|m|057__d	|film|film_genre:|m|011ys5	-0.5004748156866601	
|film|film:|m|057__d	|film|film_genre:|m|0vgkd	-1.2242759859017769	

|film|film:|m|02scbv	|film|film_genre:|m|082gq	2.4216425561532886	*

|film|film:|m|05sbv3	|film|film_genre:|m|0gf28	-0.9828322539544705	

|film|film:|m|043n0v_	|film|film_genre:|m|02p0szs	0.88213811208109	*

|film|film:|m|0bl3nn	|film|film_genre:|m|0h9qh	-0.048269776641519796	
|film|film:|m|0bl3nn	|film|film_genre:|m|0btmb	-0.14506660030620727	*

|film|film:|m|02y_lrp	|film|film_genre:|m|0gf28	4.557141288358673	*

|film|film:|m|09146g	|film|film_genre:|m|01zhp	1.6505317142167772	*
|film|film:|m|09146g	|film|film_genre:|m|04t2t	-5.461380171643679	*

|film|film:|m|0jdgr	|film|film_genre:|m|0vgkd	1.1065084311152917	

|film|film:|m|02mpyh	|film|film_genre:|m|03q4nz	3.1508298269726804	

|film|film:|m|013q0p	|film|film_genre:|m|07s2s	3.620042216832181	*
|film|film:|m|013q0p	|film|film_genre:|m|01hwc6	3.591201439624891	*
|film|film:|m|013q0p	|film|film_genre:|m|0lsxr	2.4216425561532886	*

|film|film:|m|05fgt1	|film|film_genre:|m|0vgkd	-0.09348552562539895	*
|film|film:|m|05fgt1	|film|film_genre:|m|03g3w	-0.23109688564404463	

|film|film:|m|04xx9s	|film|film_genre:|m|017fp	-0.1544831350179816	*
|film|film:|m|04xx9s	|film|film_genre:|m|0vgkd	-0.4029190303649564	

|film|film:|m|02sg5v	|film|film_genre:|m|04t2t	-1.5306730734543679	
|film|film:|m|02sg5v	|film|film_genre:|m|09blyk	-1.7448431138580174	

|film|film:|m|0x25q	|film|film_genre:|m|06n90	4.4199604597050755	*

|film|film:|m|09y6pb	|film|film_genre:|m|01lrrt	-0.38136058775363896	*

|film|film:|m|095z4q	|film|film_genre:|m|06nbt	0.9397335143923206	

|film|film:|m|0_7w6	|film|film_genre:|m|011ys5	-1.6840639826611663	

|film|film:|m|04sskp	|film|film_genre:|m|03q4nz	-0.287197036309316	
|film|film:|m|04sskp	|film|film_genre:|m|0dz8b	-0.5014149617466521	*

|film|film:|m|07x4qr	|film|film_genre:|m|01zhp	-2.4596366070934894	*

|film|film:|m|08952r	|film|film_genre:|m|0ltv	-0.058845589612647964	*

|film|film:|m|0sxns	|film|film_genre:|m|01g6gs	0.6089953873913011	

|film|film:|m|02pw_n	|film|film_genre:|m|09blyk	-1.2147050098644563	

|film|film:|m|065zlr	|film|film_genre:|m|04228s	-2.1437044477804488	

|film|film:|m|04kkz8	|film|film_genre:|m|03bxz7	-0.005883957391617581	*
|film|film:|m|04kkz8	|film|film_genre:|m|01zhp	-0.8686875254479147	

|film|film:|m|040b5k	|film|film_genre:|m|04t2t	2.0069147958633957	*
|film|film:|m|040b5k	|film|film_genre:|m|08322	0.2677468033350471	*

|film|film:|m|0900j5	|film|film_genre:|m|01585b	1.2948462375682803	*

|film|film:|m|02q52q	|film|film_genre:|m|09blyk	0.2546444248596752	
|film|film:|m|02q52q	|film|film_genre:|m|08322	-0.608086339336023	

|film|film:|m|01kf5lf	|film|film_genre:|m|01j1n2	-5.9296773728810095	

|film|film:|m|02hxhz	|film|film_genre:|m|028v3	-1.112697639815534	

|film|film:|m|01cm8w	|film|film_genre:|m|01zhp	-2.468372983415442	

|film|film:|m|0gnjh	|film|film_genre:|m|06qm3	1.5865727246255918	*

|film|film:|m|0n1s0	|film|film_genre:|m|0gf28	0.7462728401803038	*
|film|film:|m|0n1s0	|film|film_genre:|m|01lrrt	0.18644343393890578	

|film|film:|m|092vkg	|film|film_genre:|m|017fp	0.19472738275469703	*

|film|film:|m|029jt9	|film|film_genre:|m|03g3w	1.0525274842148307	*

|film|film:|m|07gp9	|film|film_genre:|m|07s2s	22.08464338868793	*
|film|film:|m|07gp9	|film|film_genre:|m|06n90	4.4199604597050755	*

|film|film:|m|017gm7	|film|film_genre:|m|02xlf	21.6137544406837	*
|film|film:|m|017gm7	|film|film_genre:|m|07s9rl0	4.4199604597050755	*

|film|film:|m|087pfc	|film|film_genre:|m|03j0dp	-1.3408420882415897	

|film|film:|m|0cq8nx	|film|film_genre:|m|01g6gs	1.987970414066858	*

|film|film:|m|0209xj	|film|film_genre:|m|01chg	-0.9198620519514071	

|film|film:|m|0c9t0y	|film|film_genre:|m|01585b	0.5326281266295319	*
|film|film:|m|0c9t0y	|film|film_genre:|m|03g3w	0.04707630602157298	

|film|film:|m|05hjnw	|film|film_genre:|m|0d63kt	-0.06364512146762435	*
|film|film:|m|05hjnw	|film|film_genre:|m|0hfjk	-0.9005636957792564	*

|film|film:|m|01fwzk	|film|film_genre:|m|01lrrt	1.8491893109155857	*
|film|film:|m|01fwzk	|film|film_genre:|m|02xh1	-0.020251744479757264	

|film|film:|m|0640y35	|film|film_genre:|m|01zhp	0.7053950770459704	*
|film|film:|m|0640y35	|film|film_genre:|m|0bj8m2	-0.07139713764678295	*

|film|film:|m|09sh8k	|film|film_genre:|m|01hmnh	1.9983179035517868	*
|film|film:|m|09sh8k	|film|film_genre:|m|017fp	-7.730965263532856	

|film|film:|m|01g3gq	|film|film_genre:|m|03q4nz	-0.3285966935221538	
|film|film:|m|01g3gq	|film|film_genre:|m|0fdjb	-0.6611178300939541	*

|film|film:|m|03kxj2	|film|film_genre:|m|0vgkd	0.14367283350165805	*
|film|film:|m|03kxj2	|film|film_genre:|m|04dn71w	-0.28167175125054095	
|film|film:|m|03kxj2	|film|film_genre:|m|09blyk	-0.5802454082374453	

|film|film:|m|02ppg1r	|film|film_genre:|m|0clz1b	0.442919397393473	*

|film|film:|m|0bl5c	|film|film_genre:|m|01f9r0	-0.2795344860350643	

|film|film:|m|0ckrnn	|film|film_genre:|m|0vjs6	8.235182673700793	*
|film|film:|m|0ckrnn	|film|film_genre:|m|07s9rl0	1.9983179035517868	

|film|film:|m|01vfqh	|film|film_genre:|m|0vgkd	0.29214742310806935	*

|film|film:|m|033srr	|film|film_genre:|m|02n4kr	2.4216425561532886	*

|film|film:|m|058kh7	|film|film_genre:|m|01j1n2	0.21785773903597566	
|film|film:|m|058kh7	|film|film_genre:|m|0hfjk	-0.409093897127896	

|film|film:|m|011ycb	|film|film_genre:|m|02p0szs	-0.4228720788576379	*

|film|film:|m|024mxd	|film|film_genre:|m|0btmb	5.876399405443276	*
|film|film:|m|024mxd	|film|film_genre:|m|06n90	1.9983179035517868	*
|film|film:|m|024mxd	|film|film_genre:|m|01jfsb	1.9983179035517868	*
|film|film:|m|024mxd	|film|film_genre:|m|03bxz7	-0.9696137297813502	
|film|film:|m|024mxd	|film|film_genre:|m|0bj8m2	-2.0594306737042585	

|film|film:|m|02v_r7d	|film|film_genre:|m|03q4nz	-2.024836290354909	*

|film|film:|m|063zky	|film|film_genre:|m|05p553	2.4216425561532886	*

|film|film:|m|06823p	|film|film_genre:|m|03q4nz	-0.5734726829557998	*

|film|film:|m|06__m6	|film|film_genre:|m|02js9	-0.6124647275835643	

|film|film:|m|029k4p	|film|film_genre:|m|02js9	-0.31503738971821627	

|film|film:|m|06gb1w	|film|film_genre:|m|01jfsb	4.4199604597050755	*

|film|film:|m|0czyxs	|film|film_genre:|m|07s2s	-1.222609063302363	
|film|film:|m|0czyxs	|film|film_genre:|m|03j0dp	-1.344168147433541	

|film|film:|m|01242_	|film|film_genre:|m|02p0szs	-0.4104530870819618	*

|film|film:|m|03yvf2	|film|film_genre:|m|02qfv5d	-0.272053727487347	

|film|film:|m|04b_jc	|film|film_genre:|m|0jxy	-0.13938745555816134	
|film|film:|m|04b_jc	|film|film_genre:|m|0q9mp	-0.3236591045674403	*
|film|film:|m|04b_jc	|film|film_genre:|m|09blyk	-1.021231525740737	

|film|film:|m|0270k40	|film|film_genre:|m|04btyz	-0.15611878335993387	

|film|film:|m|02vxq9m	|film|film_genre:|m|0h9qh	-2.7368121974890416	

|film|film:|m|03mh94	|film|film_genre:|m|03bxz7	-0.8315598980962253	

|film|film:|m|06bd5j	|film|film_genre:|m|0vgkd	-2.3544673874531816	

|film|film:|m|033f8n	|film|film_genre:|m|0556j8	-0.884801590104421	*

|film|film:|m|0m491	|film|film_genre:|m|01j1n2	-1.495678752787935	*
|film|film:|m|0m491	|film|film_genre:|m|09blyk	-2.3376346468013423	

|film|film:|m|05pxnmb	|film|film_genre:|m|04228s	-0.836290618182051	
|film|film:|m|05pxnmb	|film|film_genre:|m|09blyk	-0.8564920945258488	

|film|film:|m|027m67	|film|film_genre:|m|02l7c8	2.4216425561532886	*
|film|film:|m|027m67	|film|film_genre:|m|02p0szs	-3.4770467507741327	

|film|film:|m|01jwxx	|film|film_genre:|m|03g3w	-2.1785423800765633	*

|film|film:|m|0194zl	|film|film_genre:|m|03bxz7	0.5103644220483016	*

|film|film:|m|07vfy4	|film|film_genre:|m|03q4nz	1.6375019153683366	*

|film|film:|m|0bh72t	|film|film_genre:|m|095bb	-0.29825133967919537	*

|film|film:|m|01k0vq	|film|film_genre:|m|05p553	4.4199604597050755	*

|film|film:|m|02825nf	|film|film_genre:|m|0gsy3b	-1.1019158757919625	

|film|film:|m|0cqr0q	|film|film_genre:|m|01585b	1.9680096440862234	*

|film|film:|m|02dpl9	|film|film_genre:|m|01j1n2	-1.8174564889661586	

|film|film:|m|012s1d	|film|film_genre:|m|01hmnh	2.4216425561532886	*

|film|film:|m|05k4my	|film|film_genre:|m|0fdjb	0.4960785304690599	*

|film|film:|m|01kjr0	|film|film_genre:|m|0424mc	1.144511384480803	*
|film|film:|m|01kjr0	|film|film_genre:|m|03bxz7	-0.07071626584116508	

|film|film:|m|0kbf1	|film|film_genre:|m|01g6gs	-0.040393821557912685	*
|film|film:|m|0kbf1	|film|film_genre:|m|03q4nz	-3.2082647599264704	

|film|film:|m|07phbc	|film|film_genre:|m|0lsxr	2.4216425561532886	*

|film|film:|m|02bg55	|film|film_genre:|m|0c3351	-0.7774537761719866	

|film|film:|m|02rtqvb	|film|film_genre:|m|01f9r0	-0.2651494277576781	

|film|film:|m|02qk3fk	|film|film_genre:|m|0556j8	-2.0974441154213284	

|film|film:|m|0gy0n	|film|film_genre:|m|0424mc	0.22720525637364564	
|film|film:|m|0gy0n	|film|film_genre:|m|03bxz7	0.10150976407138103	
|film|film:|m|0gy0n	|film|film_genre:|m|0fdjb	-1.4705328323563363	*

|film|film:|m|0ddt_	|film|film_genre:|m|06n90	2.4216425561532886	*
|film|film:|m|0ddt_	|film|film_genre:|m|01hmnh	2.4216425561532886	*

|film|film:|m|01jr4j	|film|film_genre:|m|0vgkd	-0.021879815239354783	
|film|film:|m|01jr4j	|film|film_genre:|m|0hfjk	-0.7262391112329675	
|film|film:|m|01jr4j	|film|film_genre:|m|03q4nz	-1.3228076890987803	

|film|film:|m|091rc5	|film|film_genre:|m|02xlf	-5.163589041943758	

|film|film:|m|01fmys	|film|film_genre:|m|0gf28	0.2965927390227663	

|film|film:|m|03_wm6	|film|film_genre:|m|01g6gs	-0.7332533032487923	

|film|film:|m|08gg47	|film|film_genre:|m|02qfv5d	-0.3411097832311894	
|film|film:|m|08gg47	|film|film_genre:|m|0fdjb	-0.5558973780081246	
|film|film:|m|08gg47	|film|film_genre:|m|03q4nz	-0.9166330613220208	*

|film|film:|m|01hvjx	|film|film_genre:|m|0gf28	2.1839265842895714	*
|film|film:|m|01hvjx	|film|film_genre:|m|0hn10	-0.2884064221595282	

|film|film:|m|02ph9tm	|film|film_genre:|m|01f9r0	-0.6158555972847999	

|film|film:|m|01jmyj	|film|film_genre:|m|0jtdp	-0.17285036241819335	

|film|film:|m|01qb5d	|film|film_genre:|m|03q4nz	-8.175210996602292	

|film|film:|m|0gfsq9	|film|film_genre:|m|0jxy	-3.0119563155346216	

|film|film:|m|07j8r	|film|film_genre:|m|017fp	-0.10351021989300196	
|film|film:|m|07j8r	|film|film_genre:|m|0j5nm	-0.8577471918314445	

|film|film:|m|09fqgj	|film|film_genre:|m|06www	-0.6130295446765462	*

|film|film:|m|07nt8p	|film|film_genre:|m|01j1n2	-0.88152610535441	

|film|film:|m|0fg04	|film|film_genre:|m|0fdjb	-0.49070003972544607	*
|film|film:|m|0fg04	|film|film_genre:|m|0bxg3	-0.8299551690431574	

|film|film:|m|04h41v	|film|film_genre:|m|0vgkd	-0.17961175903282484	*

|film|film:|m|08c6k9	|film|film_genre:|m|0lsxr	1.9983179035517868	*
|film|film:|m|08c6k9	|film|film_genre:|m|0ltv	-0.4855121039082877	*

|film|film:|m|0pk1p	|film|film_genre:|m|0gf28	-1.3773012389428414	*

|film|film:|m|01h7bb	|film|film_genre:|m|02js9	-0.6060971459940221	

|film|film:|m|0bpm4yw	|film|film_genre:|m|017fp	-4.937222160612946	
|film|film:|m|0bpm4yw	|film|film_genre:|m|0vgkd	-7.21015848799636	

|film|film:|m|047bynf	|film|film_genre:|m|04rlf	-1.2088974345167887	

|film|film:|m|03s9kp	|film|film_genre:|m|017fp	-0.32496999057545456	

|film|film:|m|01d2v1	|film|film_genre:|m|06qln	-1.0528547009234415	*
|film|film:|m|01d2v1	|film|film_genre:|m|01fc50	-1.6381922382549383	
|film|film:|m|01d2v1	|film|film_genre:|m|09blyk	-1.9994917184252001	

|film|film:|m|02q3fdr	|film|film_genre:|m|0bj8m2	2.646597416983603	*
|film|film:|m|02q3fdr	|film|film_genre:|m|01chg	0.03732082330204545	

|film|film:|m|03ct7jd	|film|film_genre:|m|02b5_l	-0.11057262138164103	

|film|film:|m|03d8jd1	|film|film_genre:|m|0556j8	0.44719047548604485	
|film|film:|m|03d8jd1	|film|film_genre:|m|03q4nz	-3.903237936139001	

|film|film:|m|02ht1k	|film|film_genre:|m|05p553	4.4199604597050755	*

|film|film:|m|0kv238	|film|film_genre:|m|0vgkd	-1.0064488722787792	

|film|film:|m|01npcx	|film|film_genre:|m|0hfjk	-4.412771426588448	

|film|film:|m|0dc_ms	|film|film_genre:|m|0fdjb	1.4462296365122647	*

|film|film:|m|04yc76	|film|film_genre:|m|011ys5	0.11823957897725067	*

|film|film:|m|05z43v	|film|film_genre:|m|015w9s	0.695910330964687	*

|film|film:|m|04tqtl	|film|film_genre:|m|03j0dp	-0.8538502725835	*

|film|film:|m|0jnwx	|film|film_genre:|m|0fdjb	-0.6419540149610976	

|film|film:|m|06ztvyx	|film|film_genre:|m|05p553	1.9983179035517868	*
|film|film:|m|06ztvyx	|film|film_genre:|m|08322	-2.3959287718946696	*

|film|film:|m|049mql	|film|film_genre:|m|03g3w	-0.5018446128435798	*

|film|film:|m|0ddj0x	|film|film_genre:|m|04t2t	-1.9926034243629065	

|film|film:|m|042fgh	|film|film_genre:|m|0btmb	7.457948174787865	*
|film|film:|m|042fgh	|film|film_genre:|m|06n90	4.4199604597050755	*

|film|film:|m|07k2mq	|film|film_genre:|m|04rlf	-3.025313287879688	

|film|film:|m|03176f	|film|film_genre:|m|02xlf	0.8300631806411286	*

|film|film:|m|01bl7g	|film|film_genre:|m|0hfjk	1.269634586384564	*

|film|film:|m|016yxn	|film|film_genre:|m|09blyk	-0.18836383435771642	

|film|film:|m|0yyts	|film|film_genre:|m|0hfjk	1.1237585005583013	

|film|film:|m|06kl78	|film|film_genre:|m|0hn10	0.16107446747651538	*

|film|film:|m|0830vk	|film|film_genre:|m|01g6gs	0.020884315442392484	

|film|film:|m|03n3gl	|film|film_genre:|m|0gf28	0.09923356991662016	*

|film|film:|m|02h22	|film|film_genre:|m|03g3w	-1.4750993252877813	*

|film|film:|m|07sp4l	|film|film_genre:|m|028v3	-0.9665431157183867	

|film|film:|m|0hx4y	|film|film_genre:|m|06n90	2.4216425561532886	*

|film|film:|m|093l8p	|film|film_genre:|m|0d63kt	-0.5157127485438996	*
|film|film:|m|093l8p	|film|film_genre:|m|0vgkd	-0.6942281416860309	
|film|film:|m|093l8p	|film|film_genre:|m|03q4nz	-1.2168094118752983	

|film|film:|m|06r2h	|film|film_genre:|m|06n90	2.4216425561532886	*
|film|film:|m|06r2h	|film|film_genre:|m|01jfsb	2.4216425561532886	*
|film|film:|m|06r2h	|film|film_genre:|m|01585b	-2.422844995643731	

|film|film:|m|0dj0m5	|film|film_genre:|m|02p0szs	-0.6570733876394014	*

|film|film:|m|017kz7	|film|film_genre:|m|05p553	2.4216425561532886	*

|film|film:|m|0ft18	|film|film_genre:|m|01g6gs	1.1749418403721237	*
|film|film:|m|0ft18	|film|film_genre:|m|01f9r0	-0.12024774214460099	

|film|film:|m|0fphgb	|film|film_genre:|m|01chg	-1.0487231374033406	

|film|film:|m|07tlfx	|film|film_genre:|m|0c3351	0.6429506811979694	

|film|film:|m|065ym0c	|film|film_genre:|m|01rbb	-0.6070359629700401	*

|film|film:|m|047myg9	|film|film_genre:|m|06nbt	-0.725138044522965	
|film|film:|m|047myg9	|film|film_genre:|m|09blyk	-1.0638523970139169	

|film|film:|m|01wb95	|film|film_genre:|m|0gsy3b	-0.9602627809524567	

|film|film:|m|06y611	|film|film_genre:|m|03q4nz	-1.3502130349030743	

|film|film:|m|04165w	|film|film_genre:|m|0vgkd	-0.8756247854632877	

|film|film:|m|04zyhx	|film|film_genre:|m|01jfsb	2.4216425561532886	
|film|film:|m|04zyhx	|film|film_genre:|m|0jxy	0.2784194979730392	

|film|film:|m|01k60v	|film|film_genre:|m|03bxz7	-0.24916602972979612	*

|film|film:|m|026390q	|film|film_genre:|m|04228s	0.6226895960369406	*
|film|film:|m|026390q	|film|film_genre:|m|0556j8	0.4198715379089121	*

|film|film:|m|09jcj6	|film|film_genre:|m|0fdjb	-0.10008575048253941	*

|film|film:|m|07cw4	|film|film_genre:|m|09blyk	0.529132841642982	*

|film|film:|m|0dfw0	|film|film_genre:|m|06n90	4.4199604597050755	*
|film|film:|m|0dfw0	|film|film_genre:|m|0gsy3b	-5.685882016778015	

|film|film:|m|0298n7	|film|film_genre:|m|09blyk	-0.614508384636349	

|film|film:|m|0353tm	|film|film_genre:|m|0bj8m2	0.37065449980307563	

|film|film:|m|011yqc	|film|film_genre:|m|01f9r0	-0.7541881140509358	

|film|film:|m|011yhm	|film|film_genre:|m|0vgkd	0.9142225115607819	*

|film|film:|m|0292qb	|film|film_genre:|m|03q4nz	-3.6118273445291647	

|film|film:|m|02v63m	|film|film_genre:|m|0219x_	1.9983179035517868	*
|film|film:|m|02v63m	|film|film_genre:|m|01585b	-0.553582108719503	*
|film|film:|m|02v63m	|film|film_genre:|m|02b5_l	-1.2393844348913639	*

|film|film:|m|06g77c	|film|film_genre:|m|073_6	1.7656999030566491	*

|film|film:|m|017gl1	|film|film_genre:|m|02xlf	6.570939668909763	*
|film|film:|m|017gl1	|film|film_genre:|m|01hmnh	2.4216425561532886	*
|film|film:|m|017gl1	|film|film_genre:|m|060__y	2.4216425561532886	*

|film|film:|m|03q8xj	|film|film_genre:|m|01j1n2	-0.2474002854035364	*

|film|film:|m|03wbqc4	|film|film_genre:|m|01j1n2	-2.1011382329826898	

|film|film:|m|02mt51	|film|film_genre:|m|0gf28	-0.9711783498765855	
|film|film:|m|02mt51	|film|film_genre:|m|0jxy	-1.2386611250953732	

|film|film:|m|016ywb	|film|film_genre:|m|02p0szs	1.055007486546263	

|film|film:|m|02ryz24	|film|film_genre:|m|0gf28	-1.709709847295776	*

|film|film:|m|02_qt	|film|film_genre:|m|0hcr	2.4216425561532886	*
|film|film:|m|02_qt	|film|film_genre:|m|01zhp	0.6039115859881503	*

|film|film:|m|06rmdr	|film|film_genre:|m|0vjs6	-0.2004079257879074	*
|film|film:|m|06rmdr	|film|film_genre:|m|028v3	-0.48835561997087157	*

|film|film:|m|02krdz	|film|film_genre:|m|0vgkd	0.24588360318708147	*
|film|film:|m|02krdz	|film|film_genre:|m|06qm3	-0.5723673955422703	*

|film|film:|m|01kf3_9	|film|film_genre:|m|01jfsb	4.4199604597050755	*

|film|film:|m|01xq8v	|film|film_genre:|m|01g6gs	-1.270692908747601	

|film|film:|m|016ztl	|film|film_genre:|m|0jxy	6.361727401367535	*
|film|film:|m|016ztl	|film|film_genre:|m|0bj8m2	3.8960403522232774	*

|film|film:|m|0jqp3	|film|film_genre:|m|03g3w	-2.6382945624937317	

|film|film:|m|05sns6	|film|film_genre:|m|0vgkd	-1.1536861197702468	*

|film|film:|m|0drnwh	|film|film_genre:|m|0vgkd	-0.5691104706280965	

|film|film:|m|06fqlk	|film|film_genre:|m|0j5nm	-2.6375845817235124	

|film|film:|m|01bjbk	|film|film_genre:|m|01g6gs	-0.46192495900457603	

|film|film:|m|03l6q0	|film|film_genre:|m|0gf28	19.560036595042554	*
|film|film:|m|03l6q0	|film|film_genre:|m|05p553	4.4199604597050755	*

|film|film:|m|09sr0	|film|film_genre:|m|02p0szs	0.10301395604407304	
|film|film:|m|09sr0	|film|film_genre:|m|03g3w	-1.7060500841638775	*

|film|film:|m|011yfd	|film|film_genre:|m|03q4nz	-0.6080339592115457	*

|film|film:|m|0dr1c2	|film|film_genre:|m|03q4nz	-0.13806071963424654	*

|film|film:|m|031f_m	|film|film_genre:|m|0h9qh	-4.148138306334151	
|film|film:|m|031f_m	|film|film_genre:|m|017fp	-5.463130473385849	

|film|film:|m|02rqwhl	|film|film_genre:|m|02hmvc	-0.7640418468863164	*

|film|film:|m|074w86	|film|film_genre:|m|04btyz	-1.0102450025212597	

|film|film:|m|0bz3jx	|film|film_genre:|m|02js9	-2.9240213228998444	

|film|film:|m|02825kb	|film|film_genre:|m|02qfv5d	1.123558836433149	

|film|film:|m|0k4bc	|film|film_genre:|m|0556j8	0.7497956064870368	

|film|film:|m|0d4htf	|film|film_genre:|m|0gf28	-0.61712705483011	*

|film|film:|m|032016	|film|film_genre:|m|0556j8	-0.4989160286958578	*

|film|film:|m|02lxrv	|film|film_genre:|m|03bxz7	0.5980164596717326	*
|film|film:|m|02lxrv	|film|film_genre:|m|0424mc	0.2357363265436544	
|film|film:|m|02lxrv	|film|film_genre:|m|0vgkd	-1.5944129098264623	*

|film|film:|m|031t2d	|film|film_genre:|m|0556j8	12.39351261198194	*
|film|film:|m|031t2d	|film|film_genre:|m|06n90	4.4199604597050755	*
|film|film:|m|031t2d	|film|film_genre:|m|02xlf	-6.197626670688132	

|film|film:|m|05dss7	|film|film_genre:|m|03g3w	-3.4041341811154875	

|film|film:|m|0bw20	|film|film_genre:|m|02p0szs	0.011885861944368026	

|film|film:|m|0dqcs3	|film|film_genre:|m|09blyk	0.37555931939598436	
|film|film:|m|0dqcs3	|film|film_genre:|m|02b5_l	-0.08807369382885744	

|film|film:|m|0234j5	|film|film_genre:|m|01j1n2	-0.5419825945549898	

|film|film:|m|098s2w	|film|film_genre:|m|03bxz7	-0.125495030479905	*
|film|film:|m|098s2w	|film|film_genre:|m|01lrrt	-0.19074478917464982	*

|film|film:|m|0164qt	|film|film_genre:|m|0c3351	-5.150408032374545	

|film|film:|m|09wnnb	|film|film_genre:|m|02n4kr	1.9983179035517868	*
|film|film:|m|09wnnb	|film|film_genre:|m|01jfsb	1.9983179035517868	*

|film|film:|m|0m_mm	|film|film_genre:|m|01chg	-0.4435863032302601	

|film|film:|m|0422v0	|film|film_genre:|m|0btmb	-1.4518359614126242	

|film|film:|m|0353xq	|film|film_genre:|m|01fc50	-0.9139023770286071	

|film|film:|m|0btpm6	|film|film_genre:|m|07s9rl0	4.4199604597050755	*

|film|film:|m|026p4q7	|film|film_genre:|m|03g3w	-0.4878895787407051	

|film|film:|m|024lff	|film|film_genre:|m|01jfsb	4.4199604597050755	*
|film|film:|m|024lff	|film|film_genre:|m|04228s	-6.533181493691581	

|film|film:|m|0gtsx8c	|film|film_genre:|m|05p553	1.9983179035517868	*
|film|film:|m|0gtsx8c	|film|film_genre:|m|0gsy3b	-4.701670491989175	

|film|film:|m|0299hs	|film|film_genre:|m|06nbt	0.944957793101711	*

|film|film:|m|02847m9	|film|film_genre:|m|0jtdp	0.4719384016654298	*

|film|film:|m|09q23x	|film|film_genre:|m|017fp	-0.11458513418563092	*

|film|film:|m|01gwk3	|film|film_genre:|m|01jfsb	4.4199604597050755	*
|film|film:|m|01gwk3	|film|film_genre:|m|06n90	4.4199604597050755	*

|film|film:|m|02d49z	|film|film_genre:|m|01lrrt	-0.6240351591332837	

|film|film:|m|016ks5	|film|film_genre:|m|02xh1	-0.07273472322137489	*

|film|film:|m|04v8h1	|film|film_genre:|m|028v3	-0.4435863032302601	

|film|film:|m|02lk60	|film|film_genre:|m|05p553	4.4199604597050755	*
|film|film:|m|02lk60	|film|film_genre:|m|04rlf	-6.5545754965126015	

|film|film:|m|01xbxn	|film|film_genre:|m|0bj8m2	-0.12752870713008063	*
|film|film:|m|01xbxn	|film|film_genre:|m|03q4nz	-2.0251296880348764	

|film|film:|m|0y_hb	|film|film_genre:|m|017fp	1.2477469669682166	

|film|film:|m|0sxmx	|film|film_genre:|m|0vgkd	-3.856652337767205	

|film|film:|m|02bqxb	|film|film_genre:|m|01g6gs	1.4771875088375457	

|film|film:|m|0y_9q	|film|film_genre:|m|04cb4x	0.7347464087033282	*
|film|film:|m|0y_9q	|film|film_genre:|m|02qfv5d	-0.20459011264690974	

|film|film:|m|0bxsk	|film|film_genre:|m|09blyk	0.4149987476892919	*

|film|film:|m|04nnpw	|film|film_genre:|m|0fdjb	-0.4040468161089519	*

|film|film:|m|060__7	|film|film_genre:|m|01585b	-1.3106222454499934	

|film|film:|m|07nxnw	|film|film_genre:|m|01zhp	4.8907612247433185	*
|film|film:|m|07nxnw	|film|film_genre:|m|026ny	-1.0442873557707155	

|film|film:|m|0k419	|film|film_genre:|m|0hfjk	0.2968836022896725	

|film|film:|m|01l_pn	|film|film_genre:|m|04t2t	-1.5473385386994472	*
|film|film:|m|01l_pn	|film|film_genre:|m|03q4nz	-3.5986734016258692	

|film|film:|m|0dkv90	|film|film_genre:|m|03g3w	1.5736067352678897	*

|film|film:|m|048tv9	|film|film_genre:|m|01hmnh	1.9983179035517868	*

|film|film:|m|050f0s	|film|film_genre:|m|0gf28	-0.22896516464109826	*

|film|film:|m|0kbwb	|film|film_genre:|m|01hwc6	0.3318383755334116	*

|film|film:|m|0jdr0	|film|film_genre:|m|09blyk	2.031395234125574	*

|film|film:|m|05650n	|film|film_genre:|m|02m4t	1.3985063384180965	

|film|film:|m|0gltv	|film|film_genre:|m|015w9s	-0.48978957895800995	

|film|film:|m|0gyy53	|film|film_genre:|m|02b5_l	-0.29213043479749395	

|film|film:|m|03b1sb	|film|film_genre:|m|03bxz7	-0.32434291863004994	
|film|film:|m|03b1sb	|film|film_genre:|m|03j0dp	-0.32551854658642565	*
|film|film:|m|03b1sb	|film|film_genre:|m|017fp	-0.8919347819592311	

|film|film:|m|04pk1f	|film|film_genre:|m|0jdm8	0.6190818641939787	*

|film|film:|m|07f_7h	|film|film_genre:|m|0fdjb	-2.0747734829548663	

|film|film:|m|071nw5	|film|film_genre:|m|0hn10	0.377512290825399	
|film|film:|m|071nw5	|film|film_genre:|m|03g3w	0.36477121687235703	

|film|film:|m|057lbk	|film|film_genre:|m|03j0dp	-2.940439009749361	

|film|film:|m|02qrv7	|film|film_genre:|m|0d2rhq	-2.191791701591298	*

|film|film:|m|02xtxw	|film|film_genre:|m|0jxy	-0.11975406936642963	

|film|film:|m|04tng0	|film|film_genre:|m|0556j8	-0.8242187878019416	

|film|film:|m|07qg8v	|film|film_genre:|m|09blyk	-1.1079236694735948	
|film|film:|m|07qg8v	|film|film_genre:|m|03q4nz	-2.647869162072184	*

|film|film:|m|02bj22	|film|film_genre:|m|09blyk	-4.18327152327295	

|film|film:|m|027r9t	|film|film_genre:|m|01j1n2	-0.19507171451448496	*

|film|film:|m|01f7gh	|film|film_genre:|m|06n90	2.4216425561532886	*
|film|film:|m|01f7gh	|film|film_genre:|m|01jfsb	2.4216425561532886	*
|film|film:|m|01f7gh	|film|film_genre:|m|0hfjk	-0.7958526755907293	

|film|film:|m|02stbw	|film|film_genre:|m|0gf28	4.550241266875455	*

|film|film:|m|0pb33	|film|film_genre:|m|0556j8	-4.967737046872392	

|film|film:|m|023p7l	|film|film_genre:|m|017fp	-0.8573772328703382	

|film|film:|m|0dc7hc	|film|film_genre:|m|028v3	-3.464565651329832	*

|film|film:|m|084qpk	|film|film_genre:|m|09blyk	0.4092799842663853	

|film|film:|m|027r7k	|film|film_genre:|m|09blyk	-0.7471646822898256	

|film|film:|m|03ydlnj	|film|film_genre:|m|03g3w	-0.3962270672431183	
|film|film:|m|03ydlnj	|film|film_genre:|m|073_6	-0.6290515995443869	
|film|film:|m|03ydlnj	|film|film_genre:|m|04rlf	-1.208202510595512	*

|film|film:|m|02f6g5	|film|film_genre:|m|0556j8	-0.41512587717012395	

|film|film:|m|0283_zv	|film|film_genre:|m|0vjs6	-0.7301765026104746	

|film|film:|m|01_0f7	|film|film_genre:|m|03g3w	0.010444727696221678	
|film|film:|m|01_0f7	|film|film_genre:|m|02xlf	-0.770403247180238	

|film|film:|m|02bg8v	|film|film_genre:|m|03bxz7	0.3912077684822156	

|film|film:|m|03y0pn	|film|film_genre:|m|0hn10	-2.104845700186796	

|film|film:|m|07pd_j	|film|film_genre:|m|05p553	2.4216425561532886	*
|film|film:|m|07pd_j	|film|film_genre:|m|02l7c8	2.4216425561532886	*

|film|film:|m|02vqhv0	|film|film_genre:|m|028v3	-0.7977097175792994	

|film|film:|m|0f4_2k	|film|film_genre:|m|04btyz	-4.313676936878108	

|film|film:|m|035yn8	|film|film_genre:|m|0gf28	-1.7433250667481823	

|film|film:|m|0hv4t	|film|film_genre:|m|0gf28	-0.2547429872857776	

|film|film:|m|08j7lh	|film|film_genre:|m|09blyk	-0.31697355776263425	

|film|film:|m|0g3zrd	|film|film_genre:|m|01g6gs	-0.6425839822885533	

|film|film:|m|047wh1	|film|film_genre:|m|07s2s	1.294530360617488	*

|film|film:|m|034hzj	|film|film_genre:|m|06nbt	-0.15601085816996219	

|film|film:|m|01rwpj	|film|film_genre:|m|01g6gs	-2.389714497939656	

|film|film:|m|032xky	|film|film_genre:|m|02qfv5d	0.13114232728680486	

|film|film:|m|03lrqw	|film|film_genre:|m|0vgkd	0.39007794871935975	*
|film|film:|m|03lrqw	|film|film_genre:|m|06nbt	8.288432151624114E-4	*
|film|film:|m|03lrqw	|film|film_genre:|m|09blyk	-0.7235986238346248	

|film|film:|m|097zcz	|film|film_genre:|m|01g6gs	0.8640525555311914	*

|film|film:|m|03mnn0	|film|film_genre:|m|017fp	0.015628649571156006	*

|film|film:|m|01ln5z	|film|film_genre:|m|01hmnh	2.4216425561532886	*

|film|film:|m|02xs6_	|film|film_genre:|m|03npn	1.9983179035517868	*
|film|film:|m|02xs6_	|film|film_genre:|m|017fp	0.3495365735238767	
|film|film:|m|02xs6_	|film|film_genre:|m|0gsy3b	-1.280122611533852	

|film|film:|m|064lsn	|film|film_genre:|m|03bxz7	2.0164881304224944	*

|film|film:|m|0dr_4	|film|film_genre:|m|02p0szs	-0.37771926148467405	*
|film|film:|m|0dr_4	|film|film_genre:|m|01j1n2	-1.4462062124283426	

|film|film:|m|05sy_5	|film|film_genre:|m|01f9r0	-0.4049236009738986	

|film|film:|m|01chpn	|film|film_genre:|m|03q4nz	-1.6383136371456506	

|film|film:|m|03k8th	|film|film_genre:|m|04t2t	5.205829219081572	*
|film|film:|m|03k8th	|film|film_genre:|m|07s9rl0	4.4199604597050755	*
|film|film:|m|03k8th	|film|film_genre:|m|0lsxr	4.4199604597050755	*

|film|film:|m|06tpmy	|film|film_genre:|m|02qfv5d	-0.5945940635140674	
|film|film:|m|06tpmy	|film|film_genre:|m|0vgkd	-1.3237113452007283	
|film|film:|m|06tpmy	|film|film_genre:|m|028v3	-1.6302754001212922	

|film|film:|m|048scx	|film|film_genre:|m|02qfv5d	-0.08877355801779441	*
|film|film:|m|048scx	|film|film_genre:|m|01f9r0	-0.4250406265375958	*

|film|film:|m|0m3gy	|film|film_genre:|m|02b5_l	-1.6956617864618306	*

|film|film:|m|0f7hw	|film|film_genre:|m|017fp	-0.3583116744756353	

|film|film:|m|04lqvly	|film|film_genre:|m|02xh1	-0.42727024778943035	

|film|film:|m|01pvxl	|film|film_genre:|m|0jdm8	0.3247029034389274	*
|film|film:|m|01pvxl	|film|film_genre:|m|03g3w	0.04478130479803366	*

|film|film:|m|0315rp	|film|film_genre:|m|06n90	1.9983179035517868	*
|film|film:|m|0315rp	|film|film_genre:|m|01jfsb	1.9983179035517868	*

|film|film:|m|01zfzb	|film|film_genre:|m|0556j8	0.3736171063460126	*

|film|film:|m|03sxd2	|film|film_genre:|m|01585b	0.9218588999498775	

|film|film:|m|07s846j	|film|film_genre:|m|01f9r0	1.738524639013499	
|film|film:|m|07s846j	|film|film_genre:|m|03bxz7	0.4112086704847656	*

|film|film:|m|0k54q	|film|film_genre:|m|0jxy	4.911513304150743	*

|film|film:|m|0fvr1	|film|film_genre:|m|0bj8m2	0.028910208209687246	

|film|film:|m|077q8x	|film|film_genre:|m|03bxz7	0.24993937721823434	*

|film|film:|m|0jqb8	|film|film_genre:|m|08322	-0.6215269013009751	

|film|film:|m|06pyc2	|film|film_genre:|m|03g3w	0.4140632001832044	*

|film|film:|m|0cvkv5	|film|film_genre:|m|03q4nz	-0.8701972866873198	*

|film|film:|m|02r8hh_	|film|film_genre:|m|03bxz7	-1.4150769481208716	*

|film|film:|m|0k2m6	|film|film_genre:|m|03q4nz	1.0975950723337853	*

|film|film:|m|09hy79	|film|film_genre:|m|03q4nz	0.042892026282925766	*

|film|film:|m|02zk08	|film|film_genre:|m|0hn10	-0.04082922257484585	*

|film|film:|m|04z4j2	|film|film_genre:|m|04btyz	-0.32757079138328754	

|film|film:|m|01xlqd	|film|film_genre:|m|0bxg3	-1.1808895358780849	
|film|film:|m|01xlqd	|film|film_genre:|m|02b5_l	-2.494281940376894	*

|film|film:|m|0170_p	|film|film_genre:|m|0bj8m2	-0.6869429245455994	

|film|film:|m|0jyx6	|film|film_genre:|m|04rlf	0.015628649571156006	

|film|film:|m|0436yk	|film|film_genre:|m|0jxy	8.580003102067645	*

|film|film:|m|0cbn7c	|film|film_genre:|m|03bxz7	1.2339237714252824	

|film|film:|m|01dyvs	|film|film_genre:|m|04t2t	-1.364396003156668	*
|film|film:|m|01dyvs	|film|film_genre:|m|01g6gs	-2.258481264436875	

|film|film:|m|07p12s	|film|film_genre:|m|03g3w	-0.25092361085443404	

|film|film:|m|031ldd	|film|film_genre:|m|0lsxr	1.9983179035517868	*

|film|film:|m|07nnp_	|film|film_genre:|m|06nbt	0.6041588292338095	
|film|film:|m|07nnp_	|film|film_genre:|m|09blyk	-0.8542685096720999	*
|film|film:|m|07nnp_	|film|film_genre:|m|03q4nz	-1.2800852200457562	

|film|film:|m|0cq7kw	|film|film_genre:|m|03g3w	-0.2815410786733674	

|film|film:|m|04ynx7	|film|film_genre:|m|0c3351	-2.155110825586018	*

|film|film:|m|09dv8h	|film|film_genre:|m|02b5_l	2.4428766987182384	*

|film|film:|m|0432_5	|film|film_genre:|m|03q4nz	5.403162830150087	*
|film|film:|m|0432_5	|film|film_genre:|m|07s9rl0	2.4216425561532886	*

|film|film:|m|01n30p	|film|film_genre:|m|0vgkd	-0.42272365647519305	*
|film|film:|m|01n30p	|film|film_genre:|m|01j1n2	-0.5423255709931296	*

|film|film:|m|01s9vc	|film|film_genre:|m|0hfjk	-0.13919289340439123	

|film|film:|m|07j94	|film|film_genre:|m|01585b	1.0858231195115704	

|film|film:|m|03z20c	|film|film_genre:|m|0gsy3b	0.7720705995155759	
|film|film:|m|03z20c	|film|film_genre:|m|05mrx8	0.5235824919047112	

|film|film:|m|09yxcz	|film|film_genre:|m|02qfv5d	-0.0677760147543777	

|film|film:|m|05c9zr	|film|film_genre:|m|09q17	-0.45812108855473843	
|film|film:|m|05c9zr	|film|film_genre:|m|09blyk	-0.7988052515540973	

|film|film:|m|03p2xc	|film|film_genre:|m|0gf28	0.9429566069087927	*

|film|film:|m|041td_	|film|film_genre:|m|03bxz7	0.13774343650053478	*
|film|film:|m|041td_	|film|film_genre:|m|017fp	-0.23545104959426316	*
|film|film:|m|041td_	|film|film_genre:|m|0gf28	-1.630315448155928	*

|film|film:|m|04mcw4	|film|film_genre:|m|01f9r0	0.9272584799709289	
|film|film:|m|04mcw4	|film|film_genre:|m|0vgkd	-0.5412128968194232	

|film|film:|m|01gvpz	|film|film_genre:|m|03bxz7	0.7187109117838936	*

|film|film:|m|04wddl	|film|film_genre:|m|09blyk	0.1967095756941556	
|film|film:|m|04wddl	|film|film_genre:|m|017fp	-0.5047994597664653	

|film|film:|m|027x7z5	|film|film_genre:|m|07s9rl0	1.9983179035517868	

|film|film:|m|03q0r1	|film|film_genre:|m|03g3w	-2.4066105914329534	
|film|film:|m|03q0r1	|film|film_genre:|m|0hn10	-2.5240621800114686	

|film|film:|m|0p7qm	|film|film_genre:|m|01j1n2	-0.7520163836840543	

|film|film:|m|0b2v79	|film|film_genre:|m|017fp	1.0325474445363652	*
|film|film:|m|0b2v79	|film|film_genre:|m|03g3w	0.4280945245133825	

|film|film:|m|0bpx1k	|film|film_genre:|m|09blyk	-0.9060128590372556	

|film|film:|m|04jpk2	|film|film_genre:|m|028v3	-1.357248500469013	

|film|film:|m|02z5x7l	|film|film_genre:|m|07s9rl0	2.4216425561532886	*

|film|film:|m|02q56mk	|film|film_genre:|m|0hn10	-0.5387752652609169	*
|film|film:|m|02q56mk	|film|film_genre:|m|01j1n2	-0.8432158115783357	*

|film|film:|m|08rr3p	|film|film_genre:|m|01f9r0	0.005910069602037785	
|film|film:|m|08rr3p	|film|film_genre:|m|0jdm8	-1.2093595688820284	*

|film|film:|m|0hwpz	|film|film_genre:|m|02qfv5d	-0.2652512701699577	

|film|film:|m|04jwly	|film|film_genre:|m|03g3w	-0.026449500070710605	
|film|film:|m|04jwly	|film|film_genre:|m|01lrrt	-0.5685567878453611	*

|film|film:|m|08ct6	|film|film_genre:|m|03q4nz	-1.4130366598003667	

|film|film:|m|03lv4x	|film|film_genre:|m|03g3w	0.5694345432024481	*
|film|film:|m|03lv4x	|film|film_genre:|m|01fc50	0.1938075773487965	*
|film|film:|m|03lv4x	|film|film_genre:|m|01j1n2	-0.8144026352146264	

|film|film:|m|0qf2t	|film|film_genre:|m|0hn10	-0.8721344664584469	

|film|film:|m|0294zg	|film|film_genre:|m|01j1n2	-0.6875461651072937	

|film|film:|m|0j6b5	|film|film_genre:|m|03q4nz	3.125934500828999	*

|film|film:|m|02_fz3	|film|film_genre:|m|03bxz7	0.5193477705195808	

|film|film:|m|01vw8k	|film|film_genre:|m|03g3w	0.42758354401986487	*

|film|film:|m|01mszz	|film|film_genre:|m|0gf28	0.09128524165597868	*

|film|film:|m|02v570	|film|film_genre:|m|0jtdp	2.750380112940886	*

|film|film:|m|0p3_y	|film|film_genre:|m|0lsxr	2.4216425561532886	*

|film|film:|m|03m4mj	|film|film_genre:|m|06nbt	1.6130736542265198	*

|film|film:|m|04smdd	|film|film_genre:|m|0vgkd	0.37858402365636984	*

|film|film:|m|02b6n9	|film|film_genre:|m|0hn10	-0.5673025028622555	*

|film|film:|m|0cq7tx	|film|film_genre:|m|0c3351	0.22172129068718216	

|film|film:|m|0djkrp	|film|film_genre:|m|01j1n2	-0.6274987998551074	*

|film|film:|m|0m2kd	|film|film_genre:|m|0jxy	-1.6165099801953748	
|film|film:|m|0m2kd	|film|film_genre:|m|02b5_l	-2.049609221697609	*

|film|film:|m|06yykb	|film|film_genre:|m|0gsy3b	-6.234469343783864	

|film|film:|m|01_1pv	|film|film_genre:|m|017fp	-1.0331543511567867	

|film|film:|m|048xyn	|film|film_genre:|m|03bxz7	0.28217117169475814	*

|film|film:|m|032sl_	|film|film_genre:|m|02qfv5d	-0.10266427702043468	*
|film|film:|m|032sl_	|film|film_genre:|m|017fp	-1.7810598530826407	

|film|film:|m|05zpghd	|film|film_genre:|m|0q9mp	0.1603490925879641	
|film|film:|m|05zpghd	|film|film_genre:|m|03q4nz	-2.46372254412471	

|film|film:|m|02ljhg	|film|film_genre:|m|0hfjk	0.3512674186742035	*
|film|film:|m|02ljhg	|film|film_genre:|m|01f9r0	-0.8126391587313038	

|film|film:|m|04cbbz	|film|film_genre:|m|01jfsb	4.4199604597050755	*
|film|film:|m|04cbbz	|film|film_genre:|m|0clz1b	-2.6652680175290686	

|film|film:|m|0jjy0	|film|film_genre:|m|06nbt	-2.9144496248762124	

|film|film:|m|048htn	|film|film_genre:|m|02js9	-1.7701485788639815	*

|film|film:|m|01f8hf	|film|film_genre:|m|06qln	2.089230170210194	*

|film|film:|m|0192hw	|film|film_genre:|m|03q4nz	0.8518347764783512	

|film|film:|m|02q7yfq	|film|film_genre:|m|017fp	-1.1627517345943112	
|film|film:|m|02q7yfq	|film|film_genre:|m|0vgkd	-1.4642559915416555	

|film|film:|m|0295sy	|film|film_genre:|m|0btmb	-1.3926700018988025	

|film|film:|m|016z5x	|film|film_genre:|m|03bxz7	0.42374000979654797	*

|film|film:|m|016017	|film|film_genre:|m|0bj8m2	-0.420996042605399	*
|film|film:|m|016017	|film|film_genre:|m|04rlf	-0.693145822970866	*

|film|film:|m|011yd2	|film|film_genre:|m|06nbt	-0.5006144437766291	

|film|film:|m|03kx49	|film|film_genre:|m|04228s	0.9708050436755322	*

|film|film:|m|01lbcqx	|film|film_genre:|m|04btyz	-0.47881107433679276	

|film|film:|m|0m313	|film|film_genre:|m|0bj8m2	-1.2866887748205593	

|film|film:|m|05z7c	|film|film_genre:|m|0vgkd	3.967434278766688	

|film|film:|m|0glnm	|film|film_genre:|m|01g6gs	1.841981232022798	*
|film|film:|m|0glnm	|film|film_genre:|m|09q17	0.07306707577544763	

|film|film:|m|02v5_g	|film|film_genre:|m|02n4kr	2.4216425561532886	*
|film|film:|m|02v5_g	|film|film_genre:|m|01jfsb	2.4216425561532886	*
|film|film:|m|02v5_g	|film|film_genre:|m|09blyk	-2.119643977994616	

|film|film:|m|01sbv9	|film|film_genre:|m|05p553	2.4216425561532886	*

|film|film:|m|011yn5	|film|film_genre:|m|0clz1b	-0.512640597656427	*
|film|film:|m|011yn5	|film|film_genre:|m|0hn10	-0.6620248188743554	*

|film|film:|m|0c57yj	|film|film_genre:|m|06qm3	-0.8282294646015301	*

|film|film:|m|025rvx0	|film|film_genre:|m|0c3351	-0.46341702660547635	
|film|film:|m|025rvx0	|film|film_genre:|m|09blyk	-0.7791228270430832	

|film|film:|m|0qm8b	|film|film_genre:|m|0gsy3b	-0.8108212419699133	

|film|film:|m|0322yj	|film|film_genre:|m|06nbt	-0.916653952261373	

|film|film:|m|0kvgtf	|film|film_genre:|m|03g3w	-0.5852358911382022	
|film|film:|m|0kvgtf	|film|film_genre:|m|01hwc6	-0.6776869093674114	*

|film|film:|m|04ydr95	|film|film_genre:|m|0hc1z	-0.443555758634217	*

|film|film:|m|05ch98	|film|film_genre:|m|01585b	0.6312933479633952	

|film|film:|m|09ps01	|film|film_genre:|m|01f9r0	-0.8171402471470744	

|film|film:|m|05zlld0	|film|film_genre:|m|01jfsb	2.4216425561532886	*

|film|film:|m|01j5ql	|film|film_genre:|m|028v3	-1.0424473900388662	*

|film|film:|m|05c26ss	|film|film_genre:|m|0hcr	1.9983179035517868	*
|film|film:|m|05c26ss	|film|film_genre:|m|05p553	1.9983179035517868	*
|film|film:|m|05c26ss	|film|film_genre:|m|02qfv5d	-2.383001778664974	
|film|film:|m|05c26ss	|film|film_genre:|m|06qm3	-3.4094689499558823	

|film|film:|m|0dmn0x	|film|film_genre:|m|03q4nz	-0.4953021905158317	*

|film|film:|m|0mbql	|film|film_genre:|m|0hn10	-2.8743432462607785	

|film|film:|m|011yrp	|film|film_genre:|m|03g3w	-2.81141633425884	

|film|film:|m|034r25	|film|film_genre:|m|03g3w	1.4735896335414302	*

|film|film:|m|08hmch	|film|film_genre:|m|06n90	1.9983179035517868	*

|film|film:|m|04fzfj	|film|film_genre:|m|0jxy	4.889629832084137	

|film|film:|m|016z43	|film|film_genre:|m|01fc50	-0.3236591045674403	

|film|film:|m|011x_4	|film|film_genre:|m|03q4nz	-0.7865600684206984	

|film|film:|m|082scv	|film|film_genre:|m|03g3w	0.41290630405299916	

|film|film:|m|0k20s	|film|film_genre:|m|02p0szs	-0.015293036012760067	*

|film|film:|m|02fqrf	|film|film_genre:|m|0lsxr	2.4216425561532886	*
|film|film:|m|02fqrf	|film|film_genre:|m|01jfsb	2.4216425561532886	

|film|film:|m|0418wg	|film|film_genre:|m|0lsxr	4.4199604597050755	*
|film|film:|m|0418wg	|film|film_genre:|m|04t2t	-2.3925754584928276	

|film|film:|m|07h9gp	|film|film_genre:|m|0gf28	3.7485881431234986	*
|film|film:|m|07h9gp	|film|film_genre:|m|05p553	1.9983179035517868	*

|film|film:|m|09gq0x5	|film|film_genre:|m|03g3w	1.0605341727478335	*
|film|film:|m|09gq0x5	|film|film_genre:|m|03bxz7	0.6773949952784268	*

|film|film:|m|0j90s	|film|film_genre:|m|01585b	-0.5443347593272748	

|film|film:|m|032clf	|film|film_genre:|m|02xlf	-0.9194351745873919	

|film|film:|m|0dr89x	|film|film_genre:|m|0bj8m2	-1.907461129028364	

|film|film:|m|02z0f6l	|film|film_genre:|m|01f9r0	-0.8961006658706276	*

|film|film:|m|027qgy	|film|film_genre:|m|03q4nz	-0.280617446983632	

|film|film:|m|048vhl	|film|film_genre:|m|0gsy3b	-1.9558673920409126	
|film|film:|m|048vhl	|film|film_genre:|m|09blyk	-4.677305231101649	

|film|film:|m|02jxrw	|film|film_genre:|m|01j1n2	-1.2198649180269703	

|film|film:|m|04z_3pm	|film|film_genre:|m|01zhp	1.6172363563509768	
|film|film:|m|04z_3pm	|film|film_genre:|m|09blyk	-0.85163168198407	

|film|film:|m|034b6k	|film|film_genre:|m|0hfjk	-0.8022161358806338	*

|film|film:|m|0dcz8_	|film|film_genre:|m|06n90	1.9983179035517868	*

|film|film:|m|0dr3sl	|film|film_genre:|m|0vgkd	-1.0314542190492377	
|film|film:|m|0dr3sl	|film|film_genre:|m|0gf28	-1.8764767591316958	*
|film|film:|m|0dr3sl	|film|film_genre:|m|0fdjb	-2.0037191783387405	

|film|film:|m|0963mq	|film|film_genre:|m|06nbt	0.029859140550363747	*
|film|film:|m|0963mq	|film|film_genre:|m|0gsy3b	-0.17475895765645916	*

|film|film:|m|02qr3k8	|film|film_genre:|m|0jtdp	-0.9123287374178474	*

|film|film:|m|04sntd	|film|film_genre:|m|04228s	-1.0475598391176737	

|film|film:|m|031778	|film|film_genre:|m|02xlf	-0.008473296673931152	*

|film|film:|m|0kb07	|film|film_genre:|m|02qfv5d	0.12891805512561383	

|film|film:|m|02_sr1	|film|film_genre:|m|05p553	4.4199604597050755	*
|film|film:|m|02_sr1	|film|film_genre:|m|0bj8m2	-10.069787557578056	

|film|film:|m|0ds33	|film|film_genre:|m|06qm3	0.6843229147518176	

|film|film:|m|0fz3b1	|film|film_genre:|m|01585b	0.6423331577716656	
|film|film:|m|0fz3b1	|film|film_genre:|m|0556j8	-0.5776364545436925	*
|film|film:|m|0fz3b1	|film|film_genre:|m|01j1n2	-0.7099555522380399	*

|film|film:|m|09p5mwg	|film|film_genre:|m|073_6	-0.30843085282409133	

|film|film:|m|034qbx	|film|film_genre:|m|0vgkd	1.3174007651631676	*

|film|film:|m|03prz_	|film|film_genre:|m|0hn10	-0.24048675090761662	*

|film|film:|m|016z9n	|film|film_genre:|m|017fp	2.335937293415967	*

|film|film:|m|0241y7	|film|film_genre:|m|0hfjk	-0.849635639317877	

|film|film:|m|011xg5	|film|film_genre:|m|02xh1	1.1304334795672173	

|film|film:|m|0f3m1	|film|film_genre:|m|070yc	1.1710139503971073	*

|film|film:|m|047q2k1	|film|film_genre:|m|01j1n2	1.474758040372514	

|film|film:|m|0bt4g	|film|film_genre:|m|09kqc	6.998349544272395	*
|film|film:|m|0bt4g	|film|film_genre:|m|0gsy3b	-4.599064732973215	

|film|film:|m|02z9hqn	|film|film_genre:|m|0jxy	3.062178109317461	*

|film|film:|m|02vyyl8	|film|film_genre:|m|011ys5	-0.08329702167616441	*

|film|film:|m|05t54s	|film|film_genre:|m|01jfsb	1.9983179035517868	*

|film|film:|m|078mm1	|film|film_genre:|m|03q4nz	-1.9979060558160633	*

|film|film:|m|047svrl	|film|film_genre:|m|0vgkd	-0.027280356712324594	
|film|film:|m|047svrl	|film|film_genre:|m|0556j8	-1.053774049119907	

|film|film:|m|078sj4	|film|film_genre:|m|03q4nz	0.12861014845532132	

|film|film:|m|03r0g9	|film|film_genre:|m|01jfsb	4.4199604597050755	*

|film|film:|m|09m6kg	|film|film_genre:|m|03g3w	2.0239263110769707	

|film|film:|m|02pg45	|film|film_genre:|m|02p0szs	-0.7089418332011813	

|film|film:|m|0p7pw	|film|film_genre:|m|0hn10	-0.6980388466685238	*

|film|film:|m|0bs4r	|film|film_genre:|m|0556j8	-0.24290242503263437	

|film|film:|m|0n_hp	|film|film_genre:|m|03bxz7	0.26634946298016393	*

|film|film:|m|07w8fz	|film|film_genre:|m|01f9r0	0.04858778486444028	*

|film|film:|m|035s95	|film|film_genre:|m|03g3w	-2.108850304854027	*

|film|film:|m|0gs973	|film|film_genre:|m|03bxz7	-0.11578889817876653	

|film|film:|m|050gkf	|film|film_genre:|m|03bxz7	2.1578789649411356	*

|film|film:|m|03twd6	|film|film_genre:|m|0556j8	-1.5065355637474478	
|film|film:|m|03twd6	|film|film_genre:|m|0j5nm	-5.524418213084907	

|film|film:|m|013q07	|film|film_genre:|m|05p553	1.9983179035517868	*

|film|film:|m|047p7fr	|film|film_genre:|m|0vgkd	3.8067256020451157	*

|film|film:|m|03t97y	|film|film_genre:|m|01hmnh	4.4199604597050755	*
|film|film:|m|03t97y	|film|film_genre:|m|01jfsb	4.4199604597050755	*
|film|film:|m|03t97y	|film|film_genre:|m|0fdjb	-6.119253197217772	*
|film|film:|m|03t97y	|film|film_genre:|m|09blyk	-6.167102856088635	

|film|film:|m|014_x2	|film|film_genre:|m|02js9	-0.07135590679731463	

|film|film:|m|03bzyn4	|film|film_genre:|m|02l7c8	2.4216425561532886	*
|film|film:|m|03bzyn4	|film|film_genre:|m|06cvj	2.4216425561532886	*

|film|film:|m|01q2nx	|film|film_genre:|m|017fp	0.7254296343371341	
|film|film:|m|01q2nx	|film|film_genre:|m|04btyz	-0.01974044727223845	

|film|film:|m|042g97	|film|film_genre:|m|01jfsb	2.4216425561532886	*

|film|film:|m|0gw7p	|film|film_genre:|m|0gsy3b	-0.9271325724771834	

|film|film:|m|02r1c18	|film|film_genre:|m|01585b	-1.7519034357258638	

|film|film:|m|04w7rn	|film|film_genre:|m|06www	-0.5424359286211254	*
|film|film:|m|04w7rn	|film|film_genre:|m|03g3w	-1.5467674485127096	

|film|film:|m|04m1bm	|film|film_genre:|m|0vgkd	-1.0085189362335294	

|film|film:|m|0gy0l_	|film|film_genre:|m|082gq	1.9983179035517868	*

|film|film:|m|0571m	|film|film_genre:|m|02b5_l	-0.520381371450185	

|film|film:|m|04q00lw	|film|film_genre:|m|03q4nz	2.7864977897493697	*

|film|film:|m|0456zg	|film|film_genre:|m|0jdm8	-0.28341453166909686	*

|film|film:|m|0291hr	|film|film_genre:|m|0vgkd	-0.2297262303126134	

|film|film:|m|01771z	|film|film_genre:|m|01f9r0	-0.11464172781520421	

|film|film:|m|0cmf0m0	|film|film_genre:|m|04rlf	-2.7079698339331015	

|film|film:|m|052_mn	|film|film_genre:|m|01j1n2	1.470679839926982	*

|film|film:|m|0gpx6	|film|film_genre:|m|0hn10	0.9820468194891475	*
|film|film:|m|0gpx6	|film|film_genre:|m|0vgkd	-0.5888024012153664	

|film|film:|m|01jnc_	|film|film_genre:|m|04228s	-2.013490108371702	*

|film|film:|m|0fb7sd	|film|film_genre:|m|017fp	-0.546740659476274	

|film|film:|m|063_j5	|film|film_genre:|m|0gf28	-0.07583672608189594	*
|film|film:|m|063_j5	|film|film_genre:|m|0bxg3	-0.1866783782237521	
|film|film:|m|063_j5	|film|film_genre:|m|02xh1	-0.6230805464340222	*
|film|film:|m|063_j5	|film|film_genre:|m|03j0dp	-0.792027417258794	*

|film|film:|m|049w1q	|film|film_genre:|m|0jxy	-0.9366118935414394	
|film|film:|m|049w1q	|film|film_genre:|m|01j1n2	-1.7848372970595594	

|film|film:|m|04gv3db	|film|film_genre:|m|0hn10	-1.1248306107062662	
|film|film:|m|04gv3db	|film|film_genre:|m|01f9r0	-4.146217657935463	

|film|film:|m|02sfnv	|film|film_genre:|m|0ltv	-0.15773035211431963	*

|film|film:|m|025rxjq	|film|film_genre:|m|0gsy3b	-0.7319487586917885	

|film|film:|m|03z106	|film|film_genre:|m|0hfjk	-0.8139148856809543	

|film|film:|m|03g90h	|film|film_genre:|m|0j5nm	-1.3093979473584985	*

|film|film:|m|0fsw_7	|film|film_genre:|m|01jfsb	4.4199604597050755	*

|film|film:|m|01m13b	|film|film_genre:|m|02xh1	0.0016262757891635088	

|film|film:|m|03s5lz	|film|film_genre:|m|01j1n2	0.745676219717972	
|film|film:|m|03s5lz	|film|film_genre:|m|06nbt	0.5748935103507791	

|film|film:|m|03q5db	|film|film_genre:|m|0jxy	-2.478824047792731	

|film|film:|m|07cz2	|film|film_genre:|m|02m4t	-1.3853689254093013	*

|film|film:|m|0k4f3	|film|film_genre:|m|01g6gs	1.3708964251630795	*
|film|film:|m|0k4f3	|film|film_genre:|m|0bxg3	-0.3678313157743783	

|film|film:|m|027gy0k	|film|film_genre:|m|017fp	-1.7315632578418878	

|film|film:|m|0b3n61	|film|film_genre:|m|05p553	4.4199604597050755	*

|film|film:|m|0hv8w	|film|film_genre:|m|017fp	-0.24458682905260964	

|film|film:|m|02_1sj	|film|film_genre:|m|0gsy3b	-0.24122172051286672	

|film|film:|m|08lr6s	|film|film_genre:|m|09blyk	-0.7951943678343311	

|film|film:|m|021y7yw	|film|film_genre:|m|09blyk	-0.5321173733723265	*
|film|film:|m|021y7yw	|film|film_genre:|m|01lrrt	-0.696635775884986	*

|film|film:|m|0ptxj	|film|film_genre:|m|06nbt	-0.2395348366316324	
|film|film:|m|0ptxj	|film|film_genre:|m|0vgkd	-0.43443475127419845	

|film|film:|m|08mg_b	|film|film_genre:|m|03g3w	1.127836725015858	
|film|film:|m|08mg_b	|film|film_genre:|m|03q4nz	-0.5453486257795906	

|film|film:|m|064q5v	|film|film_genre:|m|0gf28	0.2642084722174304	

|film|film:|m|01f7jt	|film|film_genre:|m|09kqc	8.90115268754633	*
|film|film:|m|01f7jt	|film|film_genre:|m|06n90	4.4199604597050755	*
|film|film:|m|01f7jt	|film|film_genre:|m|0d63kt	-5.11439074058886	

|film|film:|m|01y9jr	|film|film_genre:|m|05p553	2.4216425561532886	*

|film|film:|m|0fy66	|film|film_genre:|m|01g6gs	-0.1828284775606061	*

|film|film:|m|026mfbr	|film|film_genre:|m|0556j8	-0.6669863305147534	*

|film|film:|m|02cbhg	|film|film_genre:|m|01fc50	-2.1077402141002617	*

|film|film:|m|0b2qtl	|film|film_genre:|m|03q4nz	-0.6963505160107064	*

|film|film:|m|0k2sk	|film|film_genre:|m|02p0szs	-0.40354842296874643	

|film|film:|m|02mc5v	|film|film_genre:|m|05p553	4.4199604597050755	*

|film|film:|m|033fqh	|film|film_genre:|m|03g3w	-1.4712578696402594	

|film|film:|m|072x7s	|film|film_genre:|m|01f9r0	0.7108472257015437	*

|film|film:|m|02p86pb	|film|film_genre:|m|01fc50	11.114798745218804	*

|film|film:|m|0dsvzh	|film|film_genre:|m|0vjs6	-1.1206580913489856	*

|film|film:|m|01k0xy	|film|film_genre:|m|05p553	4.4199604597050755	*

|film|film:|m|05vc35	|film|film_genre:|m|0jxy	8.498253487093912	*

|film|film:|m|021pqy	|film|film_genre:|m|03q4nz	1.738374659407952	*

|film|film:|m|045j3w	|film|film_genre:|m|02xlf	-1.223700944158583	
|film|film:|m|045j3w	|film|film_genre:|m|0fdjb	-1.963952709302383	*

|film|film:|m|05znbh7	|film|film_genre:|m|03g3w	0.5917520310434865	*

|film|film:|m|0c38gj	|film|film_genre:|m|01j1n2	0.03185834320527581	

|film|film:|m|02p76f9	|film|film_genre:|m|01hmnh	2.4216425561532886	*

|film|film:|m|014lc_	|film|film_genre:|m|06n90	4.4199604597050755	*

|film|film:|m|0jsf6	|film|film_genre:|m|07s9rl0	1.9983179035517868	*
|film|film:|m|0jsf6	|film|film_genre:|m|0lsxr	1.9983179035517868	*

|film|film:|m|09tcg4	|film|film_genre:|m|03bxz7	-2.6986840734396367	*

|film|film:|m|07l450	|film|film_genre:|m|01f9r0	-0.12635193041991166	*

|film|film:|m|015g28	|film|film_genre:|m|02p0szs	0.1688211684799822	
|film|film:|m|015g28	|film|film_genre:|m|01j1n2	-0.13878793240376053	

|film|film:|m|0dckvs	|film|film_genre:|m|0lsxr	1.9983179035517868	*

|film|film:|m|031786	|film|film_genre:|m|02xlf	23.09776744426258	*

|film|film:|m|02q_ncg	|film|film_genre:|m|0hfjk	-0.46252858519917084	*

|film|film:|m|02x2jl_	|film|film_genre:|m|02qfv5d	-0.25625787623792295	*
|film|film:|m|02x2jl_	|film|film_genre:|m|0vgkd	-0.8674204030947249	

|film|film:|m|016fyc	|film|film_genre:|m|03j0dp	-0.1925925493778713	*

|film|film:|m|0147sh	|film|film_genre:|m|09blyk	-0.012611291149169257	

|film|film:|m|0ktx_	|film|film_genre:|m|03q4nz	-1.5730014817432516	

|film|film:|m|0yzvw	|film|film_genre:|m|01j1n2	-0.9950382642043113	

|film|film:|m|04hwbq	|film|film_genre:|m|05p553	1.9983179035517868	*
|film|film:|m|04hwbq	|film|film_genre:|m|0hcr	1.9983179035517868	*

|film|film:|m|085bd1	|film|film_genre:|m|0vgkd	4.102509920827697	
|film|film:|m|085bd1	|film|film_genre:|m|01hwc6	-1.382764628810869	

|film|film:|m|01f7kl	|film|film_genre:|m|06n90	1.9983179035517868	*
|film|film:|m|01f7kl	|film|film_genre:|m|0hfjk	1.0523925281918933	*

|film|film:|m|05jf85	|film|film_genre:|m|06nbt	1.393875735411751	*

|film|film:|m|04zl8	|film|film_genre:|m|09blyk	-2.5997446336249825	

|film|film:|m|02rv_dz	|film|film_genre:|m|01j1n2	-0.8066318193354047	*

|film|film:|m|06z8s_	|film|film_genre:|m|02b5_l	-2.8833872530201234	

|film|film:|m|046488	|film|film_genre:|m|017fp	-0.9217129493670165	*

|film|film:|m|0dyb1	|film|film_genre:|m|05p553	2.4216425561532886	*
|film|film:|m|0dyb1	|film|film_genre:|m|01g6gs	-7.664930146566396	
|film|film:|m|0dyb1	|film|film_genre:|m|0556j8	-8.364016323366172	*

|film|film:|m|0dtzkt	|film|film_genre:|m|017fp	0.5542051027981406	*

|film|film:|m|0f2sx4	|film|film_genre:|m|0gsy3b	-0.7645831563734528	*

|film|film:|m|0f4vx	|film|film_genre:|m|01j1n2	-1.3439787445702107	

|film|film:|m|0407yj_	|film|film_genre:|m|017fp	-1.9637047891470778	

|film|film:|m|0p_rk	|film|film_genre:|m|0jdm8	1.4121804253897408	*

|film|film:|m|03h_yy	|film|film_genre:|m|01585b	-0.8144026352146264	
|film|film:|m|03h_yy	|film|film_genre:|m|0fdjb	-1.0390650835030373	

|film|film:|m|08g_jw	|film|film_genre:|m|0bxg3	-1.2225868912551414	

|film|film:|m|04z257	|film|film_genre:|m|0vgkd	0.018192873870345017	*
|film|film:|m|04z257	|film|film_genre:|m|03q4nz	-1.050214503704174	
|film|film:|m|04z257	|film|film_genre:|m|09blyk	-1.424772284644959	

|film|film:|m|0prrm	|film|film_genre:|m|05p553	1.9983179035517868	*
|film|film:|m|0prrm	|film|film_genre:|m|01hmnh	1.9983179035517868	

|film|film:|m|01sxly	|film|film_genre:|m|011ys5	0.05459531726926041	*

|film|film:|m|02d003	|film|film_genre:|m|0vgkd	-0.4004808911886012	*

|film|film:|m|09xbpt	|film|film_genre:|m|0lsxr	1.9983179035517868	*
|film|film:|m|09xbpt	|film|film_genre:|m|0556j8	-3.842724826091753	

|film|film:|m|01hr1	|film|film_genre:|m|0btmb	18.665371979695376	*

|film|film:|m|03xj05	|film|film_genre:|m|03bxz7	0.5151718368957796	*
|film|film:|m|03xj05	|film|film_genre:|m|03q4nz	0.2654845997141391	*

|film|film:|m|09txzv	|film|film_genre:|m|0hn10	-0.580309602808042	

|film|film:|m|0340hj	|film|film_genre:|m|06n90	1.9983179035517868	*
|film|film:|m|0340hj	|film|film_genre:|m|03g3w	-4.178577911933546	

|film|film:|m|02fj8n	|film|film_genre:|m|01jfsb	2.4216425561532886	*
|film|film:|m|02fj8n	|film|film_genre:|m|06qln	-4.549755815685779	

|film|film:|m|0170z3	|film|film_genre:|m|01j1n2	-0.7640397903581216	*
|film|film:|m|0170z3	|film|film_genre:|m|06qln	-1.1298512928436788	

|film|film:|m|083skw	|film|film_genre:|m|06nbt	0.03514609377845279	
|film|film:|m|083skw	|film|film_genre:|m|0jtdp	-0.8759906573735046	

|film|film:|m|03177r	|film|film_genre:|m|0bj8m2	-6.330476454837193	

|film|film:|m|0315w4	|film|film_genre:|m|0fdjb	-0.865767742416626	

|film|film:|m|048rn	|film|film_genre:|m|087lqx	1.3785097777970943	*
|film|film:|m|048rn	|film|film_genre:|m|0jxy	-0.40146550291999816	
|film|film:|m|048rn	|film|film_genre:|m|01zhp	-0.5175818503664981	

