synset:movement.n.03	synset:sport.n.01	-1.9432959617820351	

synset:trade.v.05	synset:shell_out.v.01	1.0784254924654204	*

synset:hard.a.02	synset:insensitive.a.02	7.531981005153625	*
synset:hard.a.02	synset:unmerciful.a.01	-0.7308472093479491	*

synset:piousness.n.01	synset:religious.a.02	-48.156581364339985	

synset:merciful.a.01	synset:compassionate.a.01	-1.2563390684172573	*

synset:detention.n.02	synset:unwholesomeness.n.01	-5.275081127870349	
synset:detention.n.02	synset:unwholesome.a.01	-14.91137521852052	

synset:take.v.07	synset:disembarkment.n.01	-10.47267676107045	

synset:eat.v.02	synset:polish_off.v.03	3.4460173982385003	*

synset:necessary.a.01	synset:thing.n.12	-17.153112219730364	

synset:passive_resistance.n.01	synset:quiet.a.01	-15.169333245438613	

synset:rupture.n.03	synset:tear_up.v.01	-28.04123155224373	

synset:unworthiness.n.02	synset:immoral.a.01	-30.994457117263938	

synset:touch.v.03	synset:wake.v.03	2.8045925230765247	*

synset:slip_by.v.01	synset:speed.v.04	-6.998976627096917	

synset:simplicity.n.04	synset:loving.a.01	-7.156178707082026	

synset:thrust.v.01	synset:thrust_ahead.v.01	3.151399526188409	*

synset:reproducibility.n.01	synset:trueness.n.02	-1.8739007371654706	

synset:converge.v.03	synset:converge.v.04	-28.418646691901497	

synset:qui_vive.n.01	synset:watchful.a.01	-38.02035917104083	

synset:opaque.a.01	synset:unclear.a.02	1.4056290633656128	*

synset:efficacious.a.01	synset:efficacious.a.02	8.870927264018064	*

synset:wideness.n.01	synset:wide.a.01	-23.60790899900137	

synset:cognizant.a.01	synset:awake.a.01	-0.8371301324414588	*
synset:cognizant.a.01	synset:susceptible.a.01	-6.882335448062261	

synset:powerless.a.01	synset:uneffective.a.01	7.517003486859899	*
synset:powerless.a.01	synset:weak.a.01	0.7863841746249861	*
synset:powerless.a.01	synset:unfertile.a.01	-8.110846067094187	

synset:stain.n.03	synset:untidiness.n.01	-17.242214689751158	

synset:contented.a.01	synset:joyous.a.01	0.1978108449003268	

synset:real.a.01	synset:genuine.a.01	1.3058046132847974	*
synset:real.a.01	synset:concrete.a.01	-2.814670516711873	*

synset:lively.a.01	synset:energetic.a.01	2.632799499260667	*

synset:truthfulness.n.01	synset:existence.n.01	-28.95587034974202	

synset:give.v.03	synset:return.v.10	3.553715378127194	*

synset:jinks.n.01	synset:capable.a.01	-1.8911902231087083	*

synset:strike_hard.v.01	synset:upset.v.04	-3.6971821336256125	*

synset:cutting.n.03	synset:rout.v.02	-0.6477590536198886	

synset:modern.a.01	synset:new.a.01	-2.0831676152480325	*

synset:tolerance.n.02	synset:unsociable.a.01	-4.942587636234834	

synset:joyful.a.01	synset:joyous.a.01	6.1100326896324315	*

synset:unsafe.a.02	synset:unsafe.a.01	-2.234144965436831	*

synset:permanent.a.01	synset:unchangeable.a.01	-1.394670451681053	*

synset:tugger.n.01	synset:wipeout.n.01	-10.635989951307792	

synset:hive.v.01	synset:stash.v.01	8.153644923055351	*

synset:noncompliant.a.01	synset:intractable.a.01	19.112621344500173	*
synset:noncompliant.a.01	synset:rebelliousness.n.01	-66.99989593081483	

synset:blood.n.01	synset:bird.n.01	-0.004981637611894456	

synset:laziness.n.01	synset:passive.a.01	-14.288719857759942	

synset:need.n.01	synset:govern.v.04	-3.7666324845233725	

synset:tie.v.01	synset:lace_up.v.01	-3.365206466262118	

synset:credulous.a.01	synset:naivety.n.01	-14.346489543922733	

synset:mount.v.06	synset:climb_down.v.01	-2.622877648317421	*

synset:productive.a.01	synset:originative.a.01	2.569156232888218	*
synset:productive.a.01	synset:fertile.a.01	-2.8426661052938913	*

synset:round.a.01	synset:round.a.01	1.0609341686475746	

synset:expedient.a.01	synset:quality.n.01	-7.6458514903271055	

synset:container.n.01	synset:disconcertment.n.01	-1.815983901416765	

synset:righteous.a.01	synset:innocence.n.03	-45.24127266995245	
synset:righteous.a.01	synset:goodness.n.01	-53.795494041376124	

synset:unreal.a.01	synset:unreality.n.02	-42.416902791018074	

synset:unimportant.a.01	synset:unimportant.a.02	-2.8910060996391937	*
synset:unimportant.a.01	synset:nonmeaningful.a.01	-13.259080807293499	*

synset:offensiveness.n.01	synset:injuriousness.n.01	-8.974705859654977	

synset:appetizing.a.01	synset:toothsome.a.01	-1.8639619900989643	*

synset:unfaithfulness.n.01	synset:insincere.a.01	-26.221793306735357	

synset:ask.v.02	synset:invite.v.02	3.721980543996369	*
synset:ask.v.02	synset:invite.v.06	1.316271276742378	*
synset:ask.v.02	synset:invitation.n.01	-33.969358826136514	

synset:value.v.02	synset:necessity.n.01	-7.1627665552775355	
synset:value.v.02	synset:virtuous.a.01	-26.06290713837904	

synset:ordered.a.03	synset:logical.a.01	0.7516751167820757	*
synset:ordered.a.03	synset:rational.a.01	-3.9525234414310946	*
synset:ordered.a.03	synset:synthesis.n.03	-23.655480179583503	

synset:moral.a.01	synset:tractableness.n.01	-22.07341417062613	

synset:take.v.33	synset:withdraw.v.09	-0.039743918943284336	*

synset:sanctity.n.01	synset:sacred.a.01	-10.778905748619975	

synset:remembrance.n.01	synset:think.n.01	-10.886961430160614	

synset:savvy.v.01	synset:clear.a.01	-37.11320382681856	

synset:ignoble.a.01	synset:dishonourable.a.01	2.20297911165311	*

synset:uncertainty.n.01	synset:inconclusiveness.n.01	-23.573001834580367	

synset:lovingness.n.01	synset:warm.a.02	-30.985377438229676	

synset:electioneer.v.01	synset:screw.v.03	-1.2109219029489071	

synset:travel.v.01	synset:withdraw.v.01	22.15988553981785	*
synset:travel.v.01	synset:progress.v.02	14.438722473277858	*
synset:travel.v.01	synset:mount.v.06	13.08553892319974	*
synset:travel.v.01	synset:sink.v.04	1.6492748019787409	*
synset:travel.v.01	synset:absconder.n.01	-11.52570166362995	

synset:take.v.11	synset:laurels.n.02	-10.914693199758009	

synset:abstemiousness.n.01	synset:stingy.a.02	-30.06193961414531	

synset:ingenuous.a.01	synset:honorable.a.01	0.21976953347951178	

synset:virtue.n.03	synset:sacred.a.01	-31.56508063724342	

synset:viewpoint.n.01	synset:holdout.n.02	-4.334103064542789	

synset:interesting.a.01	synset:sexy.a.01	1.624887511649634	

synset:amicable.a.01	synset:sociable.a.01	-1.9895660449845196	

synset:unhappy.a.01	synset:joyless.a.01	6.103859614624856	*
synset:unhappy.a.01	synset:uncheerful.a.01	1.4423612755405986	*

synset:nasty.a.01	synset:unpleasantness.n.02	-46.16984790844188	

synset:intractable.a.01	synset:intractable.a.01	-2.9214741266308533	

synset:enterprising.a.01	synset:adventurous.a.01	0.16861406565913276	*

synset:rightness.n.03	synset:perfect.a.01	-24.893740697988555	

synset:conventional.a.01	synset:conventional.a.01	-4.701354123901687	

synset:pass.v.01	synset:transit.v.01	0.3092419779514767	*

synset:unproductive.a.01	synset:unproductive.a.01	-3.0270130930556967	

synset:masculinity.n.01	synset:masculine.a.02	-53.96694813473091	

synset:serviceable.a.01	synset:utile.a.01	7.831254460544544	*

synset:turn_over.v.04	synset:turn_up.v.05	-7.863321028361748	*

synset:trusty.a.01	synset:reliable.a.01	5.892800447628173	*

synset:permanent_wave.n.01	synset:permanent.a.01	-32.87054946140205	

synset:zip.v.02	synset:speed_up.v.01	5.960912523394413	*

synset:unchangeable.a.01	synset:trusty.a.01	0.10303566796427496	
synset:unchangeable.a.01	synset:permanent.a.01	-3.706960239553281	*

synset:rotate.v.01	synset:revolve_around.v.01	1.5879610409442888	*

synset:valuable.a.01	synset:of_import.a.01	1.910927773101498	*

synset:masculine.a.02	synset:male.a.01	5.6854724782864965	*
synset:masculine.a.02	synset:hermaphroditism.n.02	-12.82590058788608	

synset:roughness.n.01	synset:smooth.a.03	-5.6290208747940085	
synset:roughness.n.01	synset:unsmooth.a.01	-43.88000439745791	

synset:explicitness.n.01	synset:univocal.a.01	-25.67430834831014	

synset:obeisance.n.02	synset:follow.v.05	-54.72915075671765	

synset:unafraid.a.01	synset:courageous.a.01	-2.911404397218234	*

synset:contemptible.a.01	synset:unworthiness.n.01	-36.01423665273772	

synset:weak.a.01	synset:ineffectualness.n.01	-40.86800106934465	

synset:run.v.01	synset:turn_tail.v.01	-1.2140947512810367	*

synset:split.v.02	synset:separate.v.02	-22.564912160030538	

synset:narrow.v.01	synset:narrow.v.01	-7.9318077491802015	

synset:feeling.n.01	synset:unhappiness.n.01	-13.01223642147137	

synset:occlusion.n.05	synset:shut_up.v.02	-18.805736622039994	

synset:precise.a.01	synset:exact.a.01	-4.273488063979457	*

synset:practical.a.01	synset:serviceable.a.01	-3.7690474732005255	*

synset:vivification.n.01	synset:energetic.a.01	-49.15804729667416	

synset:tamed.a.01	synset:tractable.a.01	6.016299241962843	*

synset:jubilation.n.01	synset:regimentation.n.01	-14.639434286118329	

synset:hostile.a.01	synset:hostile.a.01	-10.72004410448592	

synset:vulnerable.a.01	synset:susceptible.a.01	-2.376857067078195	*
synset:vulnerable.a.01	synset:sensitive.a.01	-8.69262719264112	

synset:unfriendly.a.02	synset:tepidness.n.02	-14.204677217097025	
synset:unfriendly.a.02	synset:iciness.n.02	-28.907091579733752	

synset:sombreness.n.02	synset:sorrow.n.01	0.048602346447228106	

synset:patency.n.02	synset:univocal.a.01	-5.499179403947037	

synset:evil.a.01	synset:immoral.a.01	5.410323938219855	*
synset:evil.a.01	synset:unrighteous.a.01	-7.19296433785978	*

synset:lodge.v.04	synset:reside.v.02	10.74518579886965	*

synset:strong.a.04	synset:fertile.a.01	-2.8426661052938913	*
synset:strong.a.04	synset:fruitfulness.n.01	-20.717335409975394	

synset:level.n.01	synset:moderate.a.01	-9.761947013093712	

synset:efficacious.a.02	synset:utile.a.01	2.365615688121823	*
synset:efficacious.a.02	synset:strong.a.01	2.2933674187046003	
synset:efficacious.a.02	synset:strong.a.04	-2.9014629413762982	*

synset:tractableness.n.01	synset:tamed.a.01	-58.23785638835831	

synset:widget.n.02	synset:advantageous.a.01	-20.05563265480304	

synset:unoriginal.a.01	synset:formal.a.01	0.18596429163567568	

synset:laugh.v.01	synset:roast.v.02	11.60952633263895	*

synset:walk.v.01	synset:walk_around.v.01	5.251873338610043	*
synset:walk.v.01	synset:steal.v.02	-7.497393008708614	

synset:excavation.n.01	synset:exhumation.n.01	6.324949172620672	

synset:pace.v.01	synset:walk.v.01	-31.84163334948485	

synset:skip.v.03	synset:mount_up.v.01	6.278939943356165	*

synset:original.a.03	synset:originative.a.01	2.5004914526233	*

synset:accurate.a.01	synset:exact.a.01	-2.6568421227484635	*

synset:common.a.02	synset:ordinariness.n.01	-33.90868568871733	

synset:syphon.v.01	synset:neutral.a.05	0.0	

synset:constant.a.02	synset:stable.a.01	-1.0623746709444708	*
synset:constant.a.02	synset:unchangeable.a.01	-1.1790968879147266	*

synset:energetic.a.01	synset:enterprising.a.01	0.16861406565913276	*

synset:unpalatable.a.01	synset:unpalatable.a.01	-3.044111749135693	

synset:concrete.a.01	synset:nightjar.n.01	-5.647171664010429	

synset:transfer.v.06	synset:progression.n.02	-23.07567934288968	

synset:reliable.a.01	synset:trusty.a.01	0.03322180373065885	*

synset:sick.a.01	synset:unsound.a.02	-7.839914743292921	

synset:unprotected.a.01	synset:susceptible.a.01	-1.1427721029163296	*

synset:float.v.01	synset:recession.n.05	-20.21123871018628	

synset:inaccurate.a.01	synset:dishonorable.a.02	-1.883949346259997	

synset:legitimacy.n.02	synset:faithful.a.01	-45.31915424035965	

synset:unfertile.a.01	synset:powerless.a.01	-3.22562635013617	

synset:sack.n.01	synset:sack_up.v.01	-14.072850148580615	

synset:table_salt.n.01	synset:sour.v.02	-6.159611343270875	

synset:tomfoolery.n.01	synset:mock.v.01	-1.2528000190946846	

synset:loving.a.01	synset:warmhearted.a.01	5.448207948192839	*

synset:look.v.01	synset:refer.v.05	3.937821055066919	*
synset:look.v.01	synset:look_up_to.v.01	1.8193102867196635	*
synset:look.v.01	synset:suss_out.v.01	-6.526991143295827	*

synset:sexy.a.01	synset:tempt.v.02	-11.835917444030162	

synset:good.a.03	synset:moral.a.01	5.530611732042866	*
synset:good.a.03	synset:virtuous.a.01	2.713621519844015	*

synset:sound.a.01	synset:sound.a.01	-9.582429350784025	

synset:honorable.a.01	synset:ingenuous.a.01	4.997083904310212	*
synset:honorable.a.01	synset:trusty.a.01	-10.258119183890672	*
synset:honorable.a.01	synset:reliable.a.01	-14.229522543174264	

synset:phylum.n.02	synset:illegitimate.a.02	1.3409066504737095	

synset:incoherent.a.01	synset:unlogical.a.01	-2.654750766381049	*

synset:mental_object.n.01	synset:profound.a.01	-0.51036243196709	

synset:take.v.13	synset:considerate.a.01	6.2267947970252555	

synset:travel.v.04	synset:subsiding.n.01	-11.098447662519682	
synset:travel.v.04	synset:wax.v.02	-28.50640463168199	

synset:cut_up.v.01	synset:split_up.v.02	-14.891461153764858	*

synset:turn.v.05	synset:turn_out.v.11	-0.07074435952328577	*
synset:turn.v.05	synset:throw.v.06	-1.5680768398124887	

synset:passionate.a.01	synset:shine.v.09	-0.6031705593537524	
synset:passionate.a.01	synset:loving.a.01	-1.8469498038579797	*

synset:undamaged.a.01	synset:unbroken.a.05	-0.3197365986993167	*

synset:female.a.01	synset:feminine.a.01	11.560832395503327	*

synset:unenrgetic.a.01	synset:inactive.a.09	1.4638680078839479	*

synset:harmful.a.01	synset:noxious.a.01	14.410463677981872	*

synset:uncertain.a.02	synset:undetermined.a.02	8.524461564552983	*

synset:seek.v.02	synset:soul.n.02	-0.02860189928705222	

synset:turn.v.02	synset:turn_off.v.03	-0.014849253696113925	*

synset:easy.a.01	synset:unregularity.n.01	-4.7415777755805175	
synset:easy.a.01	synset:easy.a.01	-5.623736396192395	

synset:irrational.a.01	synset:unlogical.a.01	-1.6839827199414958	*

synset:fearful.a.03	synset:timid.a.01	0.7342586952315104	*

synset:unhappy.a.02	synset:uncheerful.a.01	-0.2244200105420996	

synset:extraordinary.a.01	synset:superior.a.01	2.591507991241518	*
synset:extraordinary.a.01	synset:impressive.a.01	-0.032390402614426425	*
synset:extraordinary.a.01	synset:uncomparable.a.01	-1.705276662915266	*

synset:equivalence.n.03	synset:peer.n.01	-15.428407283131605	

synset:ground.n.09	synset:stuff.v.06	-0.045952018931466374	

synset:find.v.09	synset:see.v.06	-10.81023608071677	*

synset:whirl.v.02	synset:turn_away.v.02	13.59414267442637	

synset:conscious.a.02	synset:consciousness.n.01	-43.63202020850731	

synset:insensible.a.01	synset:unaware.a.01	-2.3433925741420722	*

synset:set.v.01	synset:set_down.v.05	18.28842434615589	*
synset:set.v.01	synset:replace.v.03	17.8858067921232	*
synset:set.v.01	synset:remand.v.02	0.42250410143284295	*
synset:set.v.01	synset:turn_over.v.01	-12.155635324945468	
synset:set.v.01	synset:traveller.n.01	-23.018825528442342	

synset:dishonourable.a.01	synset:dishonorable.a.02	-0.024446775508260115	*

synset:wangle.v.02	synset:think_up.v.01	-15.275661650729347	

synset:willfulness.n.01	synset:weaken.v.03	-7.721315831918382	

synset:provocative.a.01	synset:exciting.a.01	1.3072506837814732	*

synset:unexciting.a.02	synset:unexciting.a.02	-3.437683037651549	

synset:slippy.a.01	synset:smooth.a.01	3.7064862046311875	*
synset:slippy.a.01	synset:slip.n.13	-34.89299371605412	

synset:unvarying.a.02	synset:similar.a.03	-4.626360689304642	

synset:subdivision.n.02	synset:splitter.n.02	-2.1710203888283353	

synset:bring.v.02	synset:tack_together.v.01	6.658606588958092	

synset:unclear.a.02	synset:opaque.a.01	1.8973506725448102	*
synset:unclear.a.02	synset:uncomprehensible.a.01	1.125855364318036	*
synset:unclear.a.02	synset:softness.n.08	-35.83677823844102	

synset:advantageous.a.01	synset:profitable.a.01	6.484805217146658	*

synset:deportment.n.01	synset:immoral.a.01	-5.903573389645163	

synset:communicatory.a.01	synset:prolix.a.01	-2.194449391018428	

synset:taste.n.06	synset:tasty.a.01	-51.593737133673486	

synset:independent.a.01	synset:elicit.v.03	-8.173349067439254	

synset:protraction.n.01	synset:tear.v.01	-1.457002834231702	

synset:true.a.01	synset:honorable.a.01	-2.1245455154399884	*
synset:true.a.01	synset:faithful.a.01	-9.978667921804215	*

synset:stingy.a.02	synset:insufficient.a.01	8.203582157081994	*

synset:right.a.02	synset:true.a.01	2.522802143868406	*

synset:unrighteous.a.01	synset:unworthy.a.01	-2.444505398356219	*
synset:unrighteous.a.01	synset:perversion.n.03	-4.557140927554842	
synset:unrighteous.a.01	synset:immorality.n.01	-60.48335098540686	

synset:immoral.a.01	synset:evil.a.01	2.1824200081396605	*
synset:immoral.a.01	synset:putrefaction.n.03	-29.36941924607923	

synset:stand_up.v.04	synset:uprise.v.04	1.9711519061885105	*

synset:air_out.v.01	synset:expose.v.01	2.3355621845232672	

synset:purity.n.03	synset:pious.a.01	-19.18736937318587	

synset:untrusty.a.01	synset:quality.n.01	-15.084164040380054	

synset:fat.a.01	synset:fat.a.01	-12.240657468666706	

synset:joyless.a.01	synset:sorrowful.a.01	0.5159180283892895	*

synset:plant.v.05	synset:set_up.v.03	-7.976473924148766	

synset:disobedient.a.01	synset:unmanageable.a.02	0.30145791622908774	*
synset:disobedient.a.01	synset:unregenerate.a.01	-10.57672511191219	*

synset:sharing.n.04	synset:kind.a.01	-10.30621623760997	

synset:joyous.a.01	synset:regimentation.n.01	3.266586455178768	*

synset:unwholesome.a.01	synset:noxious.a.01	11.942773438056664	*
synset:unwholesome.a.01	synset:unsound.a.02	-1.2326895897562453	*
synset:unwholesome.a.01	synset:replay.n.02	-16.881620411440217	

synset:turn_over.v.01	synset:show.v.06	14.916164073653666	
synset:turn_over.v.01	synset:pass_on.v.02	2.0445342002247022	*
synset:turn_over.v.01	synset:turn_in.v.02	-5.955429339584214	*

synset:hammer.n.02	synset:fell.n.03	0.0	

synset:quality.n.01	synset:uncomprehensible.a.01	-12.206556509993147	
synset:quality.n.01	synset:incredibleness.n.01	-17.62794942437919	
synset:quality.n.01	synset:true.a.01	-20.589595656312884	

synset:think.v.03	synset:vex.v.05	1.4939076067454127	
synset:think.v.03	synset:think_up.v.01	-3.001894603835316	*

synset:exact.a.01	synset:precise.a.01	-2.52615017135458	*

synset:tall.a.01	synset:large.a.01	0.7863841746249861	*

synset:impermanency.n.01	synset:impermanency.n.01	-12.09483117009739	

synset:qualified.a.01	synset:strength.n.07	-18.069686790482294	

synset:desirable.a.01	synset:desirable.a.01	-6.978226084285106	

synset:clear.a.01	synset:accurate.a.01	0.9672957749529316	
synset:clear.a.01	synset:sharpness.n.06	-23.692206253159362	

synset:drive.v.03	synset:rout_out.v.02	8.541412161564416	*

synset:bust.v.01	synset:take_apart.v.01	7.338415169192119	*
synset:bust.v.01	synset:take_apart.v.03	-0.032390402614426425	*

synset:current.a.01	synset:modern.a.01	-1.8639619900989643	*

synset:lock.v.01	synset:shut_up.v.02	0.7296570016550892	*

synset:false.a.01	synset:imitative.a.03	0.15147206695026505	*
synset:false.a.01	synset:unreal.a.01	-0.2789629975192109	

synset:residency.n.01	synset:reside.v.02	-54.25528237955495	

synset:legitimacy.n.01	synset:lawful.a.01	-18.778115161259496	

synset:improper.a.01	synset:inaccurate.a.01	-4.22057814538391	

synset:broken.a.01	synset:imperfect.a.01	0.5447076556231532	*

synset:unnatural.a.02	synset:incoherent.a.01	-3.496075862375026	

synset:robust.a.01	synset:soundness.n.01	-10.478494466335563	

synset:genuine.a.01	synset:genuine.a.01	24.567988193384227	
synset:genuine.a.01	synset:true.a.01	19.894032663090325	*

synset:unimportance.n.02	synset:value.n.02	-28.31392742815112	

synset:sit_down.v.03	synset:sit_down.v.01	-0.9734885701674723	*

synset:coward.n.01	synset:dishonourable.a.01	-19.552122234434965	

synset:insensitivity.n.01	synset:insensitive.a.02	-58.99011580176825	

synset:wicked.a.01	synset:mortal.a.01	-7.277551721094175	

synset:stand.v.02	synset:stand.v.02	-10.702921712686852	

synset:warmhearted.a.01	synset:loving.a.01	-7.160268762183695	*

synset:serenity.n.02	synset:tranquillity.n.02	1.6684979874744283	

synset:thinness.n.02	synset:thin.a.01	-9.517553104637406	

synset:worthy.a.01	synset:moral.a.01	2.9182755492396697	

synset:pick_up.v.01	synset:pick_up.v.01	-6.7718388400779235	

synset:angle.n.01	synset:upset.v.04	-28.471130326808513	

synset:young.a.01	synset:junior.n.03	-21.573164554484173	

synset:ostracism.n.01	synset:stop.n.10	2.4612909774769456	

synset:uneven.a.01	synset:unsmooth.a.01	1.4455861687190155	*

synset:tasty.a.01	synset:appetizing.a.01	-1.7974513745604794	*

synset:unpleasant.a.01	synset:unpalatable.a.01	-3.9828718566732246	*
synset:unpleasant.a.01	synset:obnoxiousness.n.01	-47.04742377300029	

synset:bad.a.01	synset:unfavourable.a.01	-2.8315599015435593	*

synset:railroad.v.03	synset:shipment.n.02	-27.972674077102724	

synset:throw_out.v.03	synset:throw_out.v.01	-6.917407093264307	

synset:vitality.n.02	synset:zing.n.02	-11.427137186459479	

synset:move.v.02	synset:terminate.v.04	-1.582683074350677	

synset:sensitive.a.01	synset:sensitivity.n.01	-53.96902476751876	

synset:toothsome.a.01	synset:victuals.n.03	-33.88832338842068	

synset:incredulous.a.01	synset:positivistic.a.01	0.5811477086948831	

synset:judge.v.03	synset:underestimate.v.02	-1.846191260958144	*

synset:sound.v.02	synset:frankness.n.01	-10.009004205772372	

synset:timorousness.n.01	synset:timid.a.01	-53.22578189487564	

synset:courageous.a.01	synset:enterprising.a.01	-10.768081113635017	

synset:skilled.a.01	synset:merrymaking.n.01	1.415313330642898	

synset:pubococcygeus_exercises.n.01	synset:isometrics.n.01	-3.812749245702423	

synset:useless.a.01	synset:powerless.a.01	3.091673437395441	
synset:useless.a.01	synset:idle.a.01	0.6374117382652554	

synset:valuableness.n.01	synset:importance.n.01	-30.34059062213207	

synset:unsafe.a.01	synset:unsafe.a.02	-1.1427721029163296	*

synset:extend.v.03	synset:touch.v.09	-10.719226905539369	

synset:take.v.04	synset:divisible.a.01	-0.3874276808531864	

synset:insincere.a.01	synset:wrong.a.01	-1.1329855530725752	

synset:proper.a.01	synset:right.a.02	0.28463201105245595	*

synset:possible.a.01	synset:possibleness.n.01	-40.27353431747872	

synset:emotionality.n.01	synset:warmness.n.01	-17.20506731439928	

synset:cold.a.02	synset:iciness.n.02	-34.22026723528559	

synset:indistinct.a.01	synset:unclear.a.02	-2.7336762345501637	*

synset:put.v.02	synset:put_through.v.01	1.4808579047287935	*

synset:syphon.n.01	synset:take_out.v.10	-23.70088087084463	

synset:whine.v.02	synset:raver.n.02	-16.66870148863929	

synset:make.v.03	synset:parallel.v.01	0.5709657579077434	

synset:same.a.02	synset:peer.n.01	-17.38470827593385	

synset:important.a.03	synset:critical.a.06	-4.200431564109127	*

synset:tendency.n.01	synset:thoughtfulness.n.02	-8.91274308618311	

synset:malice.n.02	synset:evil.a.01	-49.30358718271027	

synset:resolute.a.01	synset:courageous.a.01	-0.6025408965605856	*

synset:unessential.a.01	synset:unimportant.a.02	-1.8766008257516147	

synset:sorrowful.a.01	synset:uncheerful.a.01	4.067898716658794	

synset:virtuous.a.01	synset:righteous.a.01	1.4456869907471044	*
synset:virtuous.a.01	synset:pious.a.01	-0.5547744556482382	*

synset:pride.v.01	synset:care.v.01	-1.5078413214481992	

synset:boot.v.01	synset:ousting.n.01	-27.429149838435986	

synset:free.a.01	synset:free.a.01	-8.30915971737975	

synset:unjust.a.02	synset:unrighteous.a.01	3.5490925165583285	*
synset:unjust.a.02	synset:unjust.a.02	-11.372350319586523	

synset:essential.a.02	synset:necessary.a.01	0.7156777098545457	*
synset:essential.a.02	synset:critical.a.06	-5.4524136222313935	
synset:essential.a.02	synset:good.a.03	-9.167199354909922	
synset:essential.a.02	synset:cruciality.n.01	-32.51124454703844	

synset:hardiness.n.02	synset:courageous.a.01	-68.04002466606966	

synset:chaste.a.01	synset:moral.a.01	3.074602960211868	*
synset:chaste.a.01	synset:worthy.a.01	-3.8484616536238847	

synset:impious.a.01	synset:wickedness.n.03	-44.930611011102876	

synset:unhealthy.a.01	synset:unfit.a.02	3.9288198196820945	*
synset:unhealthy.a.01	synset:sick.a.01	-9.966284690225738	*
synset:unhealthy.a.01	synset:robalo.n.01	-25.396240034627017	

synset:wreak.v.01	synset:stir.v.06	-12.999010417928549	*

synset:prudent.a.01	synset:trusty.a.01	3.262368896923096	
synset:prudent.a.01	synset:responsible.a.01	-0.6594298181927079	*

synset:coast.v.01	synset:glide.v.01	8.410876371909882	

synset:worldly_concern.n.01	synset:fearful.a.03	-3.443420263553604	

synset:spread.v.01	synset:spread_out.v.01	44.705680369314045	*

synset:spender.n.03	synset:rent.v.02	-12.258618865980623	

synset:move.v.03	synset:move.v.03	0.3741521183065515	

synset:fast.a.01	synset:hurried.a.01	11.487367353322188	*
synset:fast.a.01	synset:sudden.a.01	7.487238869921596	*

synset:harsh.a.03	synset:harsh.a.03	-3.1539701869100525	

synset:wear_out.v.02	synset:crash.v.05	0.4277074987554602	*
synset:wear_out.v.02	synset:come_off.v.03	-10.20850657652818	*

synset:treasure.v.02	synset:value.v.02	-11.67939630954655	

synset:insufficient.a.01	synset:stingy.a.02	8.187720642784308	*

synset:overt.a.01	synset:overt.a.01	-4.632003467747342	

synset:unfaithful.a.01	synset:inconstant.a.01	5.030945294533485	*

synset:powerfulness.n.01	synset:strong.a.01	-33.886160216803724	

synset:repose.v.05	synset:set.v.01	-33.335058415423845	*

synset:unimportant.a.02	synset:nonmeaningful.a.01	-13.259080807293499	*

synset:best.a.01	synset:eulogy.n.01	0.0	
synset:best.a.01	synset:uncomparable.a.01	-4.714549143395421	*
synset:best.a.01	synset:reward.v.03	-7.421689015490604	

synset:unambiguous.a.01	synset:unambiguous.a.01	-3.9587112753043057	

synset:squelch.v.02	synset:real.a.01	-3.1340224553553435	*
synset:squelch.v.02	synset:ingenuous.a.01	-3.9422736966159886	*

synset:dedication.n.01	synset:responsible.a.01	-13.387386612251891	

synset:upkeep.n.02	synset:prevent.v.02	-3.468583263443131	

synset:maintain.v.01	synset:number.v.06	0.7124365070209899	*
synset:maintain.v.01	synset:laurels.n.01	-3.132598046307171	

synset:unimportance.n.01	synset:unimportance.n.02	-20.509527848973665	

synset:wrong.a.02	synset:immoral.a.01	0.610583578288042	*
synset:wrong.a.02	synset:unjust.a.02	-4.363667785426649	*

synset:come_up.v.03	synset:surface.v.01	30.305396288892958	*
synset:come_up.v.03	synset:win.v.04	0.808127264745681	*

synset:unbroken.a.05	synset:undamaged.a.01	-0.32937832334286615	*

synset:vulnerability.n.02	synset:unsafe.a.02	-39.038259682641566	

synset:compassionate.a.01	synset:merciful.a.01	0.06618190393503076	*

synset:differentiate.v.06	synset:different.a.01	13.74002007013197	

synset:tear.v.01	synset:tear_up.v.01	2.4949921360809073	*

synset:uncreative.a.01	synset:formal.a.01	0.7846979797312706	

synset:unworthy.a.01	synset:contemptible.a.01	6.433835590697764	*
synset:unworthy.a.01	synset:wicked.a.01	-2.5030830230165275	

synset:inconstant.a.01	synset:unfaithfulness.n.01	-45.404782959376305	

synset:offensive.a.05	synset:evil.a.01	1.3379258807853738	*
synset:offensive.a.05	synset:offensive.a.05	-5.581966120982482	
synset:offensive.a.05	synset:unpalatable.a.01	-7.133293873626078	*

synset:stable.a.01	synset:permanent.a.01	-5.099860997002397	*

synset:nonviolent.a.01	synset:tranquillity.n.02	-16.427909794985645	

synset:maleficent.a.01	synset:maleficent.a.01	-2.643366428316435	

synset:provoke.v.04	synset:provocative.a.01	-23.73475407132873	

synset:tractable.a.01	synset:obedient.a.01	8.787814207276622	*

synset:iciness.n.02	synset:unfriendly.a.02	-31.88041405370574	

synset:trait.n.01	synset:selfishness.n.01	-4.0308966705134655	

synset:logical.a.01	synset:ordered.a.03	-2.589888524732664	*

synset:bold.a.01	synset:adventurous.a.01	4.312391344453518	*
synset:bold.a.01	synset:courageous.a.01	0.2007801241214674	*

synset:pry.v.03	synset:sniff_out.v.01	0.37441964630536523	*

synset:elegant.a.01	synset:swank.n.01	-14.053160123946535	

synset:hateful.a.01	synset:hostile.a.01	-0.5580595346101365	*

synset:ordinary.a.01	synset:everydayness.n.01	-34.3187175549008	

synset:hurried.a.01	synset:fast.a.01	10.850840854997347	*
synset:hurried.a.01	synset:sudden.a.01	3.527956269919657	

synset:unworthiness.n.01	synset:ignoble.a.01	-25.80557519548181	

synset:inconclusiveness.n.01	synset:undetermined.a.02	-54.060638295865594	

synset:push.v.01	synset:thrust.v.01	6.127984771072866	

synset:rugged.a.01	synset:powerful.a.01	2.326071668722823	

synset:send_for.v.01	synset:stir.v.06	5.671852591159533	*
synset:send_for.v.01	synset:rally.v.02	-4.827890144139048	*

synset:sensible.a.01	synset:valid.a.01	1.1990095307553001	*
synset:sensible.a.01	synset:coherency.n.02	-29.401364764102738	

synset:innocent.a.01	synset:exculpatory.a.01	0.3106140859272294	*

