|sports|sports_position:|m|01r3hr	|sports|sports_team:|m|051q5	0.058125606259327486	
|sports|sports_position:|m|01r3hr	|sports|sports_team:|m|02c_4	0.05570429737185696	*
|sports|sports_position:|m|01r3hr	|sports|sports_team:|m|05tg3	0.054464018743366475	*
|sports|sports_position:|m|01r3hr	|sports|sports_team:|m|06x76	0.033690969398465324	*
|sports|sports_position:|m|01r3hr	|sports|sports_team:|m|086hg9	0.019018176080003474	
|sports|sports_position:|m|01r3hr	|sports|sports_team:|m|0fgg8c	0.016899990224707447	*
|sports|sports_position:|m|01r3hr	|sports|sports_team:|m|0fjzsy	0.014715625959752902	*
|sports|sports_position:|m|01r3hr	|sports|sports_team:|m|01y3c	0.014374191287814515	*
|sports|sports_position:|m|01r3hr	|sports|sports_team:|m|0fwwkj	0.010414347402637886	*
|sports|sports_position:|m|01r3hr	|sports|sports_team:|m|06rny	0.006651311318618309	
|sports|sports_position:|m|01r3hr	|sports|sports_team:|m|02wvfxz	0.0030507368291867276	*
|sports|sports_position:|m|01r3hr	|sports|sports_team:|m|03hfx6c	0.0025663559474502426	
|sports|sports_position:|m|01r3hr	|sports|sports_team:|m|01lpx8	-0.009872867503368118	

|sports|sports_position:|m|02_j1w	|sports|sports_team:|m|03yl2t	0.04388034097706382	*
|sports|sports_position:|m|02_j1w	|sports|sports_team:|m|05z01	0.03428370380134008	*
|sports|sports_position:|m|02_j1w	|sports|sports_team:|m|02pp1	0.02586711369070075	*
|sports|sports_position:|m|02_j1w	|sports|sports_team:|m|0415zv	0.011366891530166595	*
|sports|sports_position:|m|02_j1w	|sports|sports_team:|m|024tsn	0.01133382860199968	*
|sports|sports_position:|m|02_j1w	|sports|sports_team:|m|02rk3gn	0.007620540571143447	
|sports|sports_position:|m|02_j1w	|sports|sports_team:|m|014nzp	0.0071864650861118255	*
|sports|sports_position:|m|02_j1w	|sports|sports_team:|m|03fn5s	0.006287205998649582	*
|sports|sports_position:|m|02_j1w	|sports|sports_team:|m|02w64f	0.005540422303849714	
|sports|sports_position:|m|02_j1w	|sports|sports_team:|m|0bs31sl	0.004733768121817416	
|sports|sports_position:|m|02_j1w	|sports|sports_team:|m|048xg8	0.004075520788604797	*
|sports|sports_position:|m|02_j1w	|sports|sports_team:|m|04_bfq	0.0037606308261525292	*
|sports|sports_position:|m|02_j1w	|sports|sports_team:|m|032jlh	0.00347948162507253	
|sports|sports_position:|m|02_j1w	|sports|sports_team:|m|04999m	0.003320974189508542	*
|sports|sports_position:|m|02_j1w	|sports|sports_team:|m|08r98b	0.002184953949373385	*
|sports|sports_position:|m|02_j1w	|sports|sports_team:|m|0dt_q_	0.001794948764124562	*
|sports|sports_position:|m|02_j1w	|sports|sports_team:|m|01h0b0	0.001794948764124562	
|sports|sports_position:|m|02_j1w	|sports|sports_team:|m|046br4	0.001794948764124562	*
|sports|sports_position:|m|02_j1w	|sports|sports_team:|m|0425kh	0.001794948764124562	*
|sports|sports_position:|m|02_j1w	|sports|sports_team:|m|047fwlg	0.0017797914776971847	*
|sports|sports_position:|m|02_j1w	|sports|sports_team:|m|03zrc_	0.0017797914776971847	*
|sports|sports_position:|m|02_j1w	|sports|sports_team:|m|0ckf6	0.0017736974346371664	*
|sports|sports_position:|m|02_j1w	|sports|sports_team:|m|03x746	0.0016723321076300554	*
|sports|sports_position:|m|02_j1w	|sports|sports_team:|m|03_44z	0.0016213714655486072	*
|sports|sports_position:|m|02_j1w	|sports|sports_team:|m|0544vh	0.0014455646367045071	*
|sports|sports_position:|m|02_j1w	|sports|sports_team:|m|0d9qmn	0.0013775354144140548	
|sports|sports_position:|m|02_j1w	|sports|sports_team:|m|058dm9	0.001306750699924128	*
|sports|sports_position:|m|02_j1w	|sports|sports_team:|m|0404yzp	0.0012921142125515471	*
|sports|sports_position:|m|02_j1w	|sports|sports_team:|m|067zx9	0.0012921142125515471	*
|sports|sports_position:|m|02_j1w	|sports|sports_team:|m|03x6rj	0.0012921142125515471	*
|sports|sports_position:|m|02_j1w	|sports|sports_team:|m|02rh_0	0.001201986079440423	*
|sports|sports_position:|m|02_j1w	|sports|sports_team:|m|041jk9	0.0011980324237259787	*
|sports|sports_position:|m|02_j1w	|sports|sports_team:|m|04j6dg	9.283813915426779E-4	*
|sports|sports_position:|m|02_j1w	|sports|sports_team:|m|049dzz	8.486482963059238E-4	*
|sports|sports_position:|m|02_j1w	|sports|sports_team:|m|01l3vx	8.469100189506146E-4	*
|sports|sports_position:|m|02_j1w	|sports|sports_team:|m|05d8_h	7.941264900961652E-4	*
|sports|sports_position:|m|02_j1w	|sports|sports_team:|m|01x4wq	7.736310485507625E-4	
|sports|sports_position:|m|02_j1w	|sports|sports_team:|m|09tc_y	7.54546599096255E-4	*
|sports|sports_position:|m|02_j1w	|sports|sports_team:|m|0hcm7	7.54546599096255E-4	
|sports|sports_position:|m|02_j1w	|sports|sports_team:|m|0284h6	7.54546599096255E-4	*
|sports|sports_position:|m|02_j1w	|sports|sports_team:|m|01vqc7	7.54546599096255E-4	*
|sports|sports_position:|m|02_j1w	|sports|sports_team:|m|0lmm3	7.494998033576106E-4	*
|sports|sports_position:|m|02_j1w	|sports|sports_team:|m|03fnqj	6.202916976497423E-4	*
|sports|sports_position:|m|02_j1w	|sports|sports_team:|m|03tc8d	6.202916976497423E-4	*
|sports|sports_position:|m|02_j1w	|sports|sports_team:|m|04b4yg	5.756650109111877E-4	*
|sports|sports_position:|m|02_j1w	|sports|sports_team:|m|04255q	4.4494811498199064E-4	*
|sports|sports_position:|m|02_j1w	|sports|sports_team:|m|03gbty	4.4494811498199064E-4	
|sports|sports_position:|m|02_j1w	|sports|sports_team:|m|0425gc	4.4494811498199064E-4	*
|sports|sports_position:|m|02_j1w	|sports|sports_team:|m|0425yz	4.42374992950889E-4	*
|sports|sports_position:|m|02_j1w	|sports|sports_team:|m|06pqy_	4.42374992950889E-4	*
|sports|sports_position:|m|02_j1w	|sports|sports_team:|m|03g52k	4.149343046483146E-4	*
|sports|sports_position:|m|02_j1w	|sports|sports_team:|m|0gd70t	4.149343046483146E-4	*
|sports|sports_position:|m|02_j1w	|sports|sports_team:|m|03m10r	3.8021789507850835E-4	*
|sports|sports_position:|m|02_j1w	|sports|sports_team:|m|023fb	3.8021789507850835E-4	*
|sports|sports_position:|m|02_j1w	|sports|sports_team:|m|04zw9hs	3.8021789507850835E-4	*
|sports|sports_position:|m|02_j1w	|sports|sports_team:|m|0kqbh	3.704540624569622E-4	*
|sports|sports_position:|m|02_j1w	|sports|sports_team:|m|049msk	1.9661927001053927E-4	*
|sports|sports_position:|m|02_j1w	|sports|sports_team:|m|01_8n9	1.8625764434371445E-4	*
|sports|sports_position:|m|02_j1w	|sports|sports_team:|m|05gsd2	1.7383479244642295E-4	*
|sports|sports_position:|m|02_j1w	|sports|sports_team:|m|06z9f8	1.7383479244642295E-4	*
|sports|sports_position:|m|02_j1w	|sports|sports_team:|m|0gfnqh	1.7383479244642295E-4	
|sports|sports_position:|m|02_j1w	|sports|sports_team:|m|037css	1.7383479244642295E-4	*
|sports|sports_position:|m|02_j1w	|sports|sports_team:|m|0dwz3t	1.7383479244642295E-4	*
|sports|sports_position:|m|02_j1w	|sports|sports_team:|m|08lfyn	0.0	*
|sports|sports_position:|m|02_j1w	|sports|sports_team:|m|041n28	0.0	*
|sports|sports_position:|m|02_j1w	|sports|sports_team:|m|04764j	0.0	*
|sports|sports_position:|m|02_j1w	|sports|sports_team:|m|0gxkm	0.0	*
|sports|sports_position:|m|02_j1w	|sports|sports_team:|m|024_ql	0.0	*
|sports|sports_position:|m|02_j1w	|sports|sports_team:|m|03j0ss	0.0	*
|sports|sports_position:|m|02_j1w	|sports|sports_team:|m|0dy68h	-2.6007926604309183E-4	*
|sports|sports_position:|m|02_j1w	|sports|sports_team:|m|09sxqk	-2.811492010799992E-4	*
|sports|sports_position:|m|02_j1w	|sports|sports_team:|m|05jx17	-2.811492010799992E-4	*
|sports|sports_position:|m|02_j1w	|sports|sports_team:|m|044p4_	-2.811492010799992E-4	
|sports|sports_position:|m|02_j1w	|sports|sports_team:|m|0xbm	-5.1821187453411E-4	*
|sports|sports_position:|m|02_j1w	|sports|sports_team:|m|040p3y	-5.529282841039162E-4	*
|sports|sports_position:|m|02_j1w	|sports|sports_team:|m|04d817	-5.626921167254624E-4	*
|sports|sports_position:|m|02_j1w	|sports|sports_team:|m|09hldj	-6.039043658632923E-4	*
|sports|sports_position:|m|02_j1w	|sports|sports_team:|m|052zgp	-9.331461791824246E-4	*
|sports|sports_position:|m|02_j1w	|sports|sports_team:|m|07s8qm7	-9.480387451739474E-4	*
|sports|sports_position:|m|02_j1w	|sports|sports_team:|m|049bmk	-9.480387451739474E-4	*
|sports|sports_position:|m|02_j1w	|sports|sports_team:|m|03h0k1	-9.480387451739474E-4	*
|sports|sports_position:|m|02_j1w	|sports|sports_team:|m|06hgbk	-9.532884932833472E-4	*
|sports|sports_position:|m|02_j1w	|sports|sports_team:|m|02nt75	-0.0010859110365919401	*
|sports|sports_position:|m|02_j1w	|sports|sports_team:|m|01k2yr	-0.0012291879462539466	*
|sports|sports_position:|m|02_j1w	|sports|sports_team:|m|017znw	-0.002404084136827572	*
|sports|sports_position:|m|02_j1w	|sports|sports_team:|m|03b04g	-0.004716533291949669	*
|sports|sports_position:|m|02_j1w	|sports|sports_team:|m|032498	-0.00543064026431739	*
|sports|sports_position:|m|02_j1w	|sports|sports_team:|m|07sqbl	-0.010991459448236837	*
|sports|sports_position:|m|02_j1w	|sports|sports_team:|m|035tjy	-0.01105200258013273	*
|sports|sports_position:|m|02_j1w	|sports|sports_team:|m|04k3r_	-0.012237026834295199	
|sports|sports_position:|m|02_j1w	|sports|sports_team:|m|01zhs3	-0.020673796522470013	*

|sports|sports_position:|m|01_9c1	|sports|sports_team:|m|03lsq	0.0686654181797313	*
|sports|sports_position:|m|01_9c1	|sports|sports_team:|m|084l5	0.06430325783396294	*
|sports|sports_position:|m|01_9c1	|sports|sports_team:|m|01y3v	0.05961466055795988	*
|sports|sports_position:|m|01_9c1	|sports|sports_team:|m|0289q	0.05544356573040505	*
|sports|sports_position:|m|01_9c1	|sports|sports_team:|m|03b3j	0.05116608781094718	*
|sports|sports_position:|m|01_9c1	|sports|sports_team:|m|01y49	0.04171991186745299	
|sports|sports_position:|m|01_9c1	|sports|sports_team:|m|0ftf0f	0.02839585679763747	*
|sports|sports_position:|m|01_9c1	|sports|sports_team:|m|07kcvl	0.026187889228171838	*
|sports|sports_position:|m|01_9c1	|sports|sports_team:|m|025v26c	0.008882119372078593	*
|sports|sports_position:|m|01_9c1	|sports|sports_team:|m|05c5xx9	0.003045117983959119	
|sports|sports_position:|m|01_9c1	|sports|sports_team:|m|025v1sx	0.0022338777485694334	
|sports|sports_position:|m|01_9c1	|sports|sports_team:|m|013yq	-8.245788050825617E-4	

|sports|sports_position:|m|02qvzf	|sports|sports_team:|m|030ykh	0.04860842683072105	*
|sports|sports_position:|m|02qvzf	|sports|sports_team:|m|04l5b4	0.02204631530727641	*
|sports|sports_position:|m|02qvzf	|sports|sports_team:|m|0hmt3	0.012174366855869315	*
|sports|sports_position:|m|02qvzf	|sports|sports_team:|m|0jnlm	0.007781303324121199	*
|sports|sports_position:|m|02qvzf	|sports|sports_team:|m|0jnmj	0.007712786655221394	*
|sports|sports_position:|m|02qvzf	|sports|sports_team:|m|0jnng	0.0075580805821274764	
|sports|sports_position:|m|02qvzf	|sports|sports_team:|m|0jnl5	0.0035011728612635907	*
|sports|sports_position:|m|02qvzf	|sports|sports_team:|m|0jnpv	0.0019223255826612494	
|sports|sports_position:|m|02qvzf	|sports|sports_team:|m|0jnr_	3.434783040589083E-4	*
|sports|sports_position:|m|02qvzf	|sports|sports_team:|m|04913k	-0.0020861589560546615	
|sports|sports_position:|m|02qvzf	|sports|sports_team:|m|0jnrk	-0.006796442817158082	*
|sports|sports_position:|m|02qvzf	|sports|sports_team:|m|0hn6d	-0.00944258116486174	*
|sports|sports_position:|m|02qvzf	|sports|sports_team:|m|024d8w	-0.011528740120916403	

|sports|sports_position:|m|08ns5s	|sports|sports_team:|m|07l2m	0.04961555369564094	*
|sports|sports_position:|m|08ns5s	|sports|sports_team:|m|084l5	0.03268623734188152	*
|sports|sports_position:|m|08ns5s	|sports|sports_team:|m|03wnh	0.0321025771408153	*
|sports|sports_position:|m|08ns5s	|sports|sports_team:|m|026bt_h	0.019119394604023864	*
|sports|sports_position:|m|08ns5s	|sports|sports_team:|m|0ftf0f	0.01603436090597212	*
|sports|sports_position:|m|08ns5s	|sports|sports_team:|m|02wvf2s	0.009327363718367423	

|sports|sports_position:|m|023wyl	|sports|sports_team:|m|03b3j	0.049648772333694885	*
|sports|sports_position:|m|023wyl	|sports|sports_team:|m|03wnh	0.04961929871672724	*
|sports|sports_position:|m|023wyl	|sports|sports_team:|m|05tg3	0.04813623638971098	*
|sports|sports_position:|m|023wyl	|sports|sports_team:|m|02896	0.03931444629445982	*
|sports|sports_position:|m|023wyl	|sports|sports_team:|m|0bjkk9	0.02865816688258761	*
|sports|sports_position:|m|023wyl	|sports|sports_team:|m|06rny	0.024814825264044837	
|sports|sports_position:|m|023wyl	|sports|sports_team:|m|043tz8m	0.017063988737158215	*
|sports|sports_position:|m|023wyl	|sports|sports_team:|m|0fbq2n	0.012788347930054041	*
|sports|sports_position:|m|023wyl	|sports|sports_team:|m|0ft5vs	0.011511686177782173	*
|sports|sports_position:|m|023wyl	|sports|sports_team:|m|07k53y	0.010630893416193441	*
|sports|sports_position:|m|023wyl	|sports|sports_team:|m|086hg9	0.010422841748985718	*
|sports|sports_position:|m|023wyl	|sports|sports_team:|m|057xkj_	0.00755783019645543	
|sports|sports_position:|m|023wyl	|sports|sports_team:|m|0fwwkj	0.002694111209943689	
|sports|sports_position:|m|023wyl	|sports|sports_team:|m|02wvf2s	0.0015429787287323602	*
|sports|sports_position:|m|023wyl	|sports|sports_team:|m|02wvfxz	-0.004753164553836118	
|sports|sports_position:|m|023wyl	|sports|sports_team:|m|01yhm	-0.025422497480421948	

|sports|sports_position:|m|02dwn9	|sports|sports_team:|m|01ypc	0.036150803716153077	*
|sports|sports_position:|m|02dwn9	|sports|sports_team:|m|03m1n	0.01965438351035569	
|sports|sports_position:|m|02dwn9	|sports|sports_team:|m|05m_8	0.011292398585074904	
|sports|sports_position:|m|02dwn9	|sports|sports_team:|m|01d6g	0.008249237771538897	

|sports|sports_position:|m|02g_6x	|sports|sports_team:|m|04vn5	0.07400796513135932	
|sports|sports_position:|m|02g_6x	|sports|sports_team:|m|0wsr	0.06344236762332875	*
|sports|sports_position:|m|02g_6x	|sports|sports_team:|m|02896	0.06249678499884923	
|sports|sports_position:|m|02g_6x	|sports|sports_team:|m|01ct6	0.05907824166297116	*
|sports|sports_position:|m|02g_6x	|sports|sports_team:|m|01xvb	0.05780709627548654	*
|sports|sports_position:|m|02g_6x	|sports|sports_team:|m|02c_4	0.04928679311736451	*
|sports|sports_position:|m|02g_6x	|sports|sports_team:|m|05tg3	0.025125220744007304	*
|sports|sports_position:|m|02g_6x	|sports|sports_team:|m|0ft5vs	0.02414470559210957	*
|sports|sports_position:|m|02g_6x	|sports|sports_team:|m|0fht9f	0.022696644634276265	
|sports|sports_position:|m|02g_6x	|sports|sports_team:|m|057xlyq	0.022631163593467334	*
|sports|sports_position:|m|02g_6x	|sports|sports_team:|m|01jv_6	0.016506155422252877	*
|sports|sports_position:|m|02g_6x	|sports|sports_team:|m|0487_	0.016256922235012	
|sports|sports_position:|m|02g_6x	|sports|sports_team:|m|0fjzsy	0.015273857849976646	*
|sports|sports_position:|m|02g_6x	|sports|sports_team:|m|0ftf0f	0.015265405701597679	*
|sports|sports_position:|m|02g_6x	|sports|sports_team:|m|086hg9	0.009002582302302223	*
|sports|sports_position:|m|02g_6x	|sports|sports_team:|m|02wvfxz	0.004564149247692342	*
|sports|sports_position:|m|02g_6x	|sports|sports_team:|m|0fwwkj	0.003603883369671189	
|sports|sports_position:|m|02g_6x	|sports|sports_team:|m|04czgbh	0.002622556880315874	*
|sports|sports_position:|m|02g_6x	|sports|sports_team:|m|04n7ps6	5.58256517831275E-4	*
|sports|sports_position:|m|02g_6x	|sports|sports_team:|m|03915c	5.365304531332436E-4	*
|sports|sports_position:|m|02g_6x	|sports|sports_team:|m|025v1sx	-3.159067074410679E-4	*
|sports|sports_position:|m|02g_6x	|sports|sports_team:|m|0ftccy	-0.0020079045319560847	
|sports|sports_position:|m|02g_6x	|sports|sports_team:|m|0512p	-0.0033021449419563917	
|sports|sports_position:|m|02g_6x	|sports|sports_team:|m|0jnmj	-0.03777032465944696	

|sports|sports_position:|m|02nzb8	|sports|sports_team:|m|0329nn	0.03886873457341908	
|sports|sports_position:|m|02nzb8	|sports|sports_team:|m|03ytj1	0.03490363077925375	*
|sports|sports_position:|m|02nzb8	|sports|sports_team:|m|0lmm3	0.033687286576193756	*
|sports|sports_position:|m|02nzb8	|sports|sports_team:|m|049m_l	0.029763384924774986	
|sports|sports_position:|m|02nzb8	|sports|sports_team:|m|03_3z4	0.011098068359730992	*
|sports|sports_position:|m|02nzb8	|sports|sports_team:|m|0bl8l	0.007195203968562316	
|sports|sports_position:|m|02nzb8	|sports|sports_team:|m|02rxrh	0.007185852889981806	*
|sports|sports_position:|m|02nzb8	|sports|sports_team:|m|03fhjz	0.006611400017833147	*
|sports|sports_position:|m|02nzb8	|sports|sports_team:|m|032jlh	0.004704713435137101	
|sports|sports_position:|m|02nzb8	|sports|sports_team:|m|090q8l	0.003349140507150755	
|sports|sports_position:|m|02nzb8	|sports|sports_team:|m|04kngf	0.0030066903161398073	*
|sports|sports_position:|m|02nzb8	|sports|sports_team:|m|093g7v	0.002931469546441069	*
|sports|sports_position:|m|02nzb8	|sports|sports_team:|m|04jnd7	0.0027563970364095857	*
|sports|sports_position:|m|02nzb8	|sports|sports_team:|m|03fn5s	0.002400039230556376	*
|sports|sports_position:|m|02nzb8	|sports|sports_team:|m|0y54	0.002375141040873424	*
|sports|sports_position:|m|02nzb8	|sports|sports_team:|m|042rlf	0.002375141040873424	*
|sports|sports_position:|m|02nzb8	|sports|sports_team:|m|029q3k	0.0022673837986630302	*
|sports|sports_position:|m|02nzb8	|sports|sports_team:|m|05r_x5	0.0020954767352057034	*
|sports|sports_position:|m|02nzb8	|sports|sports_team:|m|03x762	0.002063472236453318	*
|sports|sports_position:|m|02nzb8	|sports|sports_team:|m|015_z1	0.0019867373649306054	
|sports|sports_position:|m|02nzb8	|sports|sports_team:|m|03_9hm	0.001958498245046257	*
|sports|sports_position:|m|02nzb8	|sports|sports_team:|m|0223bl	0.0019441939199245362	*
|sports|sports_position:|m|02nzb8	|sports|sports_team:|m|08658y	0.001604730020874511	*
|sports|sports_position:|m|02nzb8	|sports|sports_team:|m|02rg5rm	0.0015998456375892834	
|sports|sports_position:|m|02nzb8	|sports|sports_team:|m|03j79x	0.0015998456375892834	*
|sports|sports_position:|m|02nzb8	|sports|sports_team:|m|02b13y	0.0015998456375892834	*
|sports|sports_position:|m|02nzb8	|sports|sports_team:|m|048xg8	0.0015998456375892834	*
|sports|sports_position:|m|02nzb8	|sports|sports_team:|m|04kny3	0.0015840879963390337	
|sports|sports_position:|m|02nzb8	|sports|sports_team:|m|03xzxb	0.001446564576339768	*
|sports|sports_position:|m|02nzb8	|sports|sports_team:|m|02b13j	0.0013777372872848755	*
|sports|sports_position:|m|02nzb8	|sports|sports_team:|m|08lmt7	0.0013291494027121008	*
|sports|sports_position:|m|02nzb8	|sports|sports_team:|m|043t1s	0.0011676079014583385	*
|sports|sports_position:|m|02nzb8	|sports|sports_team:|m|03j76b	0.0011516670155350746	
|sports|sports_position:|m|02nzb8	|sports|sports_team:|m|026n13j	0.0011053955508529317	*
|sports|sports_position:|m|02nzb8	|sports|sports_team:|m|025rpyx	0.001042328524961623	*
|sports|sports_position:|m|02nzb8	|sports|sports_team:|m|01rlz4	0.0010234044638421113	
|sports|sports_position:|m|02nzb8	|sports|sports_team:|m|07sqbl	9.118052209182433E-4	*
|sports|sports_position:|m|02nzb8	|sports|sports_team:|m|0425yz	7.535561036999726E-4	*
|sports|sports_position:|m|02nzb8	|sports|sports_team:|m|04ngn	5.921776224368242E-4	*
|sports|sports_position:|m|02nzb8	|sports|sports_team:|m|09pgj2	5.838039507291693E-4	*
|sports|sports_position:|m|02nzb8	|sports|sports_team:|m|035tjy	5.838039507291693E-4	*
|sports|sports_position:|m|02nzb8	|sports|sports_team:|m|058dm9	5.384140553326682E-4	*
|sports|sports_position:|m|02nzb8	|sports|sports_team:|m|0gw2y6	4.6248294717592944E-4	
|sports|sports_position:|m|02nzb8	|sports|sports_team:|m|04zw9hs	4.6248294717592944E-4	*
|sports|sports_position:|m|02nzb8	|sports|sports_team:|m|02b0yk	4.5096092734661213E-4	*
|sports|sports_position:|m|02nzb8	|sports|sports_team:|m|031zm1	4.149343046483146E-4	*
|sports|sports_position:|m|02nzb8	|sports|sports_team:|m|02w59b	3.8233068559757525E-4	*
|sports|sports_position:|m|02nzb8	|sports|sports_team:|m|0k_l4	3.7876813668275087E-4	
|sports|sports_position:|m|02nzb8	|sports|sports_team:|m|051gjr	3.71309090785925E-4	*
|sports|sports_position:|m|02nzb8	|sports|sports_team:|m|08r98b	3.4434828233525285E-4	
|sports|sports_position:|m|02nzb8	|sports|sports_team:|m|044p4_	1.940657729974154E-4	*
|sports|sports_position:|m|02nzb8	|sports|sports_team:|m|0409n0	1.940657729974154E-4	*
|sports|sports_position:|m|02nzb8	|sports|sports_team:|m|01b8d6	1.7724331778850964E-4	
|sports|sports_position:|m|02nzb8	|sports|sports_team:|m|06ylv0	1.7724331778850964E-4	
|sports|sports_position:|m|02nzb8	|sports|sports_team:|m|0fm6m8	1.7724331778850964E-4	*
|sports|sports_position:|m|02nzb8	|sports|sports_team:|m|05hyn5	1.7724331778850964E-4	
|sports|sports_position:|m|02nzb8	|sports|sports_team:|m|017znw	1.7724331778850964E-4	*
|sports|sports_position:|m|02nzb8	|sports|sports_team:|m|024_ql	1.7724331778850964E-4	*
|sports|sports_position:|m|02nzb8	|sports|sports_team:|m|03_44z	1.7724331778850964E-4	
|sports|sports_position:|m|02nzb8	|sports|sports_team:|m|087_xx	1.7724331778850964E-4	*
|sports|sports_position:|m|02nzb8	|sports|sports_team:|m|046br4	1.2707418485267675E-4	*
|sports|sports_position:|m|02nzb8	|sports|sports_team:|m|03mp37	8.939520012000166E-6	*
|sports|sports_position:|m|02nzb8	|sports|sports_team:|m|03zm00	8.939520012000166E-6	*
|sports|sports_position:|m|02nzb8	|sports|sports_team:|m|068l3t	0.0	*
|sports|sports_position:|m|02nzb8	|sports|sports_team:|m|06z9k8	0.0	*
|sports|sports_position:|m|02nzb8	|sports|sports_team:|m|02b149	0.0	*
|sports|sports_position:|m|02nzb8	|sports|sports_team:|m|0520y3	0.0	*
|sports|sports_position:|m|02nzb8	|sports|sports_team:|m|02vpvk	0.0	*
|sports|sports_position:|m|02nzb8	|sports|sports_team:|m|03j0ss	0.0	*
|sports|sports_position:|m|02nzb8	|sports|sports_team:|m|0bxjpy	0.0	*
|sports|sports_position:|m|02nzb8	|sports|sports_team:|m|04vn_k	-1.3305299030170998E-4	*
|sports|sports_position:|m|02nzb8	|sports|sports_team:|m|09rsr0w	-2.0363901261477173E-4	*
|sports|sports_position:|m|02nzb8	|sports|sports_team:|m|01r5xw	-2.8500055999890325E-4	*
|sports|sports_position:|m|02nzb8	|sports|sports_team:|m|01gxqf	-2.8500055999890325E-4	*
|sports|sports_position:|m|02nzb8	|sports|sports_team:|m|05hz6_	-2.8500055999890325E-4	*
|sports|sports_position:|m|02nzb8	|sports|sports_team:|m|0f5kw7	-3.1125462930295226E-4	*
|sports|sports_position:|m|02nzb8	|sports|sports_team:|m|01634x	-3.354087623232527E-4	*
|sports|sports_position:|m|02nzb8	|sports|sports_team:|m|07vk9f	-3.354087623232527E-4	*
|sports|sports_position:|m|02nzb8	|sports|sports_team:|m|01kkg5	-5.479872949500246E-4	*
|sports|sports_position:|m|02nzb8	|sports|sports_team:|m|07c2wt	-8.155330377070596E-4	*
|sports|sports_position:|m|02nzb8	|sports|sports_team:|m|090q4n	-8.833960572732773E-4	*
|sports|sports_position:|m|02nzb8	|sports|sports_team:|m|056xx8	-8.950585800321215E-4	
|sports|sports_position:|m|02nzb8	|sports|sports_team:|m|03ylxn	-8.950585800321215E-4	*
|sports|sports_position:|m|02nzb8	|sports|sports_team:|m|0175rc	-8.950585800321215E-4	
|sports|sports_position:|m|02nzb8	|sports|sports_team:|m|04knvh	-8.967934075969773E-4	*
|sports|sports_position:|m|02nzb8	|sports|sports_team:|m|01ct6	-0.0045200110714517655	
|sports|sports_position:|m|02nzb8	|sports|sports_team:|m|02gtm4	-0.0045200110714517655	
|sports|sports_position:|m|02nzb8	|sports|sports_team:|m|09cvbq	-0.01267558700980732	
|sports|sports_position:|m|02nzb8	|sports|sports_team:|m|01njml	-0.013395061285293003	*

|sports|sports_position:|m|05fyy5	|sports|sports_team:|m|03ttn0	0.0011050530492202673	

|sports|sports_position:|m|0355dz	|sports|sports_team:|m|0jm5b	0.017592890074106807	*
|sports|sports_position:|m|0355dz	|sports|sports_team:|m|0jm4v	0.014643672178266027	*
|sports|sports_position:|m|0355dz	|sports|sports_team:|m|0jmmn	0.011071471141769334	
|sports|sports_position:|m|0355dz	|sports|sports_team:|m|0jm64	0.009889956868814595	
|sports|sports_position:|m|0355dz	|sports|sports_team:|m|0jmhr	0.009723380803864382	*
|sports|sports_position:|m|0355dz	|sports|sports_team:|m|0jm2v	0.008226184560083455	*
|sports|sports_position:|m|0355dz	|sports|sports_team:|m|0bwjj	0.007225604708178999	
|sports|sports_position:|m|0355dz	|sports|sports_team:|m|0jmfv	7.40129121356687E-4	*
|sports|sports_position:|m|0355dz	|sports|sports_team:|m|0fw9vx	7.243856179417779E-4	*
|sports|sports_position:|m|0355dz	|sports|sports_team:|m|0jmnl	2.631611478451144E-4	
|sports|sports_position:|m|0355dz	|sports|sports_team:|m|02pzy52	0.0	*
|sports|sports_position:|m|0355dz	|sports|sports_team:|m|027yf83	-0.0017109298888606799	
|sports|sports_position:|m|0355dz	|sports|sports_team:|m|02r2qt7	-0.0019379501346997031	*
|sports|sports_position:|m|0355dz	|sports|sports_team:|m|0jm3v	-0.012141494874500293	*

|sports|sports_position:|m|04nfpk	|sports|sports_team:|m|06rpd	0.06926238466544729	*
|sports|sports_position:|m|04nfpk	|sports|sports_team:|m|06x76	0.06837762516540749	*
|sports|sports_position:|m|04nfpk	|sports|sports_team:|m|05g3b	0.05782407043844908	*
|sports|sports_position:|m|04nfpk	|sports|sports_team:|m|02896	0.04574613129206922	*
|sports|sports_position:|m|04nfpk	|sports|sports_team:|m|05gg4	0.04571972028022883	*
|sports|sports_position:|m|04nfpk	|sports|sports_team:|m|0fjzsy	0.018281309796038776	*
|sports|sports_position:|m|04nfpk	|sports|sports_team:|m|0ftf0f	0.015843866346714076	*
|sports|sports_position:|m|04nfpk	|sports|sports_team:|m|0fgg8c	0.012507834571989854	*
|sports|sports_position:|m|04nfpk	|sports|sports_team:|m|026l1lq	0.011866063303648706	*
|sports|sports_position:|m|04nfpk	|sports|sports_team:|m|025_64l	0.00840919195838901	*
|sports|sports_position:|m|04nfpk	|sports|sports_team:|m|01jv_6	0.008083720853882882	*
|sports|sports_position:|m|04nfpk	|sports|sports_team:|m|03hfxkn	0.0075567531247454495	*
|sports|sports_position:|m|04nfpk	|sports|sports_team:|m|0jbqf	-0.003424446606473295	

|sports|sports_position:|m|02sddg	|sports|sports_team:|m|02__x	0.07160213607934042	*

|sports|sports_position:|m|02qvl7	|sports|sports_team:|m|0jnnx	0.008186795018975495	*
|sports|sports_position:|m|02qvl7	|sports|sports_team:|m|0jnrk	0.0015295083011460182	*
|sports|sports_position:|m|02qvl7	|sports|sports_team:|m|0jnm2	7.877102439750965E-4	*
|sports|sports_position:|m|02qvl7	|sports|sports_team:|m|0jnng	-0.0023700968629348684	*
|sports|sports_position:|m|02qvl7	|sports|sports_team:|m|026wlnm	-0.006033646561646357	
|sports|sports_position:|m|02qvl7	|sports|sports_team:|m|05xvj	-0.015773064016186673	

|sports|sports_position:|m|01sdzg	|sports|sports_team:|m|05xvj	0.02243303181298161	
|sports|sports_position:|m|01sdzg	|sports|sports_team:|m|01yjl	0.016040119061776253	
|sports|sports_position:|m|01sdzg	|sports|sports_team:|m|01slc	-0.018826945926228945	*
|sports|sports_position:|m|01sdzg	|sports|sports_team:|m|02896	-0.02418414675791216	

|sports|sports_position:|m|0bgv8y	|sports|sports_team:|m|05gg4	0.06668585959503527	
|sports|sports_position:|m|0bgv8y	|sports|sports_team:|m|03b3j	0.05715557684160356	*
|sports|sports_position:|m|0bgv8y	|sports|sports_team:|m|05tg3	0.04659570280676155	*
|sports|sports_position:|m|0bgv8y	|sports|sports_team:|m|05g3b	0.03148196777710091	
|sports|sports_position:|m|0bgv8y	|sports|sports_team:|m|01y3c	0.029442735470043176	

|sports|sports_position:|m|02_ssl	|sports|sports_team:|m|04cxw5b	0.01556304177798929	*
|sports|sports_position:|m|02_ssl	|sports|sports_team:|m|0jmj7	0.0070762329718126495	*
|sports|sports_position:|m|02_ssl	|sports|sports_team:|m|0jm9w	-4.785219585990543E-4	*
|sports|sports_position:|m|02_ssl	|sports|sports_team:|m|026dqjm	-0.0016845044137407997	
|sports|sports_position:|m|02_ssl	|sports|sports_team:|m|026wlnm	-0.00169179245823421	*
|sports|sports_position:|m|02_ssl	|sports|sports_team:|m|02q4ntp	-0.0025546965345582913	
|sports|sports_position:|m|02_ssl	|sports|sports_team:|m|0jmjr	-0.0037936609035103225	*
|sports|sports_position:|m|02_ssl	|sports|sports_team:|m|091tgz	-0.01352519154933201	*
|sports|sports_position:|m|02_ssl	|sports|sports_team:|m|02plv57	-0.0354749519984805	*

|sports|sports_position:|m|049k4w	|sports|sports_team:|m|01ypc	0.11000012264172315	*
|sports|sports_position:|m|049k4w	|sports|sports_team:|m|0713r	0.03748020343311649	
|sports|sports_position:|m|049k4w	|sports|sports_team:|m|051vz	0.0371111896205506	
|sports|sports_position:|m|049k4w	|sports|sports_team:|m|07l8x	0.010315733448808463	*
|sports|sports_position:|m|049k4w	|sports|sports_team:|m|049n7	-0.00871490363223603	*
|sports|sports_position:|m|049k4w	|sports|sports_team:|m|07k53y	-0.016080010152135473	

|sports|sports_position:|m|05zm34	|sports|sports_team:|m|051q5	0.07681999444672616	*
|sports|sports_position:|m|05zm34	|sports|sports_team:|m|01xvb	0.05537301097780019	*
|sports|sports_position:|m|05zm34	|sports|sports_team:|m|01y3c	0.053573228926951995	*
|sports|sports_position:|m|05zm34	|sports|sports_team:|m|06rny	0.036703504739035386	*
|sports|sports_position:|m|05zm34	|sports|sports_team:|m|03lsq	0.02612319510426582	*
|sports|sports_position:|m|05zm34	|sports|sports_team:|m|02vklm3	0.01946486551471987	*
|sports|sports_position:|m|05zm34	|sports|sports_team:|m|07kcvl	0.01751272017345068	
|sports|sports_position:|m|05zm34	|sports|sports_team:|m|0g0z58	0.012094137695431311	*
|sports|sports_position:|m|05zm34	|sports|sports_team:|m|026l1lq	0.007511568815150889	
|sports|sports_position:|m|05zm34	|sports|sports_team:|m|0fw9n7	0.0066338858247792995	
|sports|sports_position:|m|05zm34	|sports|sports_team:|m|03915c	0.0036422033528157203	
|sports|sports_position:|m|05zm34	|sports|sports_team:|m|02pd1tf	-1.7765124583420157E-4	
|sports|sports_position:|m|05zm34	|sports|sports_team:|m|03qx63	-0.01281493158088379	

|sports|sports_position:|m|02sg4b	|sports|sports_team:|m|07l8x	0.010732513679756426	*
|sports|sports_position:|m|02sg4b	|sports|sports_team:|m|01slc	0.006291463919992261	*
|sports|sports_position:|m|02sg4b	|sports|sports_team:|m|02hfgl	0.00615216214984086	
|sports|sports_position:|m|02sg4b	|sports|sports_team:|m|01yhm	-2.544166206037737E-4	*
|sports|sports_position:|m|02sg4b	|sports|sports_team:|m|05g76	-0.03316572319289128	

|sports|sports_position:|m|017drs	|sports|sports_team:|m|049n7	0.007588153762953369	*

|sports|sports_position:|m|02g_6j	|sports|sports_team:|m|03lsq	0.11626765771025674	*
|sports|sports_position:|m|02g_6j	|sports|sports_team:|m|03b3j	0.06515215606375645	*
|sports|sports_position:|m|02g_6j	|sports|sports_team:|m|05tfm	0.059625328218555554	
|sports|sports_position:|m|02g_6j	|sports|sports_team:|m|043vc	0.03793415796680963	*
|sports|sports_position:|m|02g_6j	|sports|sports_team:|m|07kbp5	0.026155284549579216	
|sports|sports_position:|m|02g_6j	|sports|sports_team:|m|0ftf0f	0.02237261094104859	
|sports|sports_position:|m|02g_6j	|sports|sports_team:|m|07kcvl	0.019824789116104205	*
|sports|sports_position:|m|02g_6j	|sports|sports_team:|m|02vklm3	0.015685868479866277	*
|sports|sports_position:|m|02g_6j	|sports|sports_team:|m|0wsr	0.01352009852088379	
|sports|sports_position:|m|02g_6j	|sports|sports_team:|m|026bt_h	0.010343172702992568	
|sports|sports_position:|m|02g_6j	|sports|sports_team:|m|02wvfxl	0.00913607874055146	
|sports|sports_position:|m|02g_6j	|sports|sports_team:|m|0frm7n	0.0077739115256463725	*
|sports|sports_position:|m|02g_6j	|sports|sports_team:|m|025_64l	0.006803567115798173	*
|sports|sports_position:|m|02g_6j	|sports|sports_team:|m|0bs09lb	0.006133942179528887	*
|sports|sports_position:|m|02g_6j	|sports|sports_team:|m|0fht9f	0.0055096474543756555	*
|sports|sports_position:|m|02g_6j	|sports|sports_team:|m|0j8sq	0.0029936852787741126	

|sports|sports_position:|m|01pv51	|sports|sports_team:|m|0jm64	0.014340730178957511	*
|sports|sports_position:|m|01pv51	|sports|sports_team:|m|01k8vh	0.013832836484406698	*
|sports|sports_position:|m|01pv51	|sports|sports_team:|m|0jmhr	0.010950798265590114	*
|sports|sports_position:|m|01pv51	|sports|sports_team:|m|02r2qt7	0.004819175937580952	
|sports|sports_position:|m|01pv51	|sports|sports_team:|m|02pyyld	0.004165683183641379	*
|sports|sports_position:|m|01pv51	|sports|sports_team:|m|0jm7n	0.0029483708346180167	*
|sports|sports_position:|m|01pv51	|sports|sports_team:|m|0jm5b	0.0017360300782070103	*
|sports|sports_position:|m|01pv51	|sports|sports_team:|m|0jmbv	2.3587324846667404E-4	*
|sports|sports_position:|m|01pv51	|sports|sports_team:|m|026dqjm	1.3761320358624443E-4	
|sports|sports_position:|m|01pv51	|sports|sports_team:|m|04cxw5b	1.2995452709698395E-4	*

|sports|sports_position:|m|0ctt4z	|sports|sports_team:|m|0jm64	0.008127899611068603	*
|sports|sports_position:|m|0ctt4z	|sports|sports_team:|m|0jm6n	0.007422804266197302	*
|sports|sports_position:|m|0ctt4z	|sports|sports_team:|m|02qk2d5	0.002513316939880249	
|sports|sports_position:|m|0ctt4z	|sports|sports_team:|m|0jm4b	0.0013229202857588723	*
|sports|sports_position:|m|0ctt4z	|sports|sports_team:|m|02py8_w	-0.0013750331634107382	
|sports|sports_position:|m|0ctt4z	|sports|sports_team:|m|01jvgt	-0.0019371476020507569	*

|sports|sports_position:|m|02dwpf	|sports|sports_team:|m|0713r	0.07765826548563443	*
|sports|sports_position:|m|02dwpf	|sports|sports_team:|m|05m_8	0.00974335125403365	*
|sports|sports_position:|m|02dwpf	|sports|sports_team:|m|01slc	0.004235621701340877	*

|sports|sports_position:|m|02lyr4	|sports|sports_team:|m|01ypc	0.10489376956025907	*
|sports|sports_position:|m|02lyr4	|sports|sports_team:|m|0x0d	0.08006910423607635	*
|sports|sports_position:|m|02lyr4	|sports|sports_team:|m|07147	0.01947784446376969	*
|sports|sports_position:|m|02lyr4	|sports|sports_team:|m|021f30	0.018959614503525523	
|sports|sports_position:|m|02lyr4	|sports|sports_team:|m|0713r	0.010467570574901107	*
|sports|sports_position:|m|02lyr4	|sports|sports_team:|m|01d5z	0.010320884713598006	*
|sports|sports_position:|m|02lyr4	|sports|sports_team:|m|02hfgl	0.0013271314438475618	*
|sports|sports_position:|m|02lyr4	|sports|sports_team:|m|0cqt41	-0.0010374597172559835	*
|sports|sports_position:|m|02lyr4	|sports|sports_team:|m|09cl0w	-0.0037738799336644474	
|sports|sports_position:|m|02lyr4	|sports|sports_team:|m|03k2hn	-0.0038883500063943196	
|sports|sports_position:|m|02lyr4	|sports|sports_team:|m|04b5l3	-0.01233454173282467	*

|sports|sports_position:|m|02sdk9v	|sports|sports_team:|m|0199gx	0.032458105787450196	
|sports|sports_position:|m|02sdk9v	|sports|sports_team:|m|03x6m	0.020195099803865732	*
|sports|sports_position:|m|02sdk9v	|sports|sports_team:|m|0138mv	0.018602115577984364	*
|sports|sports_position:|m|02sdk9v	|sports|sports_team:|m|01z1r	0.016132675409268517	*
|sports|sports_position:|m|02sdk9v	|sports|sports_team:|m|0j2pg	0.006592560129227107	*
|sports|sports_position:|m|02sdk9v	|sports|sports_team:|m|047g6m	0.006282678662097114	
|sports|sports_position:|m|02sdk9v	|sports|sports_team:|m|0cq4k_	0.006247580890460386	
|sports|sports_position:|m|02sdk9v	|sports|sports_team:|m|05f8c2	0.005681102784307143	*
|sports|sports_position:|m|02sdk9v	|sports|sports_team:|m|04kngf	0.005535125596325426	*
|sports|sports_position:|m|02sdk9v	|sports|sports_team:|m|06ppc4	0.005535125596325426	*
|sports|sports_position:|m|02sdk9v	|sports|sports_team:|m|0bxjpy	0.005079874612828482	*
|sports|sports_position:|m|02sdk9v	|sports|sports_team:|m|0lmm3	0.00429669621203169	*
|sports|sports_position:|m|02sdk9v	|sports|sports_team:|m|01rly6	0.004147775498830957	
|sports|sports_position:|m|02sdk9v	|sports|sports_team:|m|032jlh	0.0031364756234247343	*
|sports|sports_position:|m|02sdk9v	|sports|sports_team:|m|088lls	0.003079410572393866	*
|sports|sports_position:|m|02sdk9v	|sports|sports_team:|m|049dzz	0.002806959669063418	
|sports|sports_position:|m|02sdk9v	|sports|sports_team:|m|0byq6h	0.0026509883563859233	*
|sports|sports_position:|m|02sdk9v	|sports|sports_team:|m|085v7	0.0022986790292636385	*
|sports|sports_position:|m|02sdk9v	|sports|sports_team:|m|049d_	0.0020651671717686277	*
|sports|sports_position:|m|02sdk9v	|sports|sports_team:|m|02vr30	0.0018874627238634736	*
|sports|sports_position:|m|02sdk9v	|sports|sports_team:|m|02b1l_	0.0018454465916257147	*
|sports|sports_position:|m|02sdk9v	|sports|sports_team:|m|07_l61	0.0018129904204789837	*
|sports|sports_position:|m|02sdk9v	|sports|sports_team:|m|03fnmd	0.0017930913499395284	*
|sports|sports_position:|m|02sdk9v	|sports|sports_team:|m|035tjy	0.001792525693410333	*
|sports|sports_position:|m|02sdk9v	|sports|sports_team:|m|03tc5p	0.0016851890298989103	*
|sports|sports_position:|m|02sdk9v	|sports|sports_team:|m|04g4w9	0.0016725658938433418	*
|sports|sports_position:|m|02sdk9v	|sports|sports_team:|m|056zf9	0.0015274625357093305	*
|sports|sports_position:|m|02sdk9v	|sports|sports_team:|m|019lxm	0.0014800883904482027	
|sports|sports_position:|m|02sdk9v	|sports|sports_team:|m|01wx_y	0.001432656205891306	*
|sports|sports_position:|m|02sdk9v	|sports|sports_team:|m|075q_	0.0014250846245240545	*
|sports|sports_position:|m|02sdk9v	|sports|sports_team:|m|0j2jr	0.001359562934352016	
|sports|sports_position:|m|02sdk9v	|sports|sports_team:|m|02b171	0.0013121307497951193	*
|sports|sports_position:|m|02sdk9v	|sports|sports_team:|m|04j6dg	0.001261349588443177	*
|sports|sports_position:|m|02sdk9v	|sports|sports_team:|m|06pqy_	0.001261349588443177	*
|sports|sports_position:|m|02sdk9v	|sports|sports_team:|m|06cmd2	0.001261349588443177	*
|sports|sports_position:|m|02sdk9v	|sports|sports_team:|m|025rpyx	0.001261349588443177	*
|sports|sports_position:|m|02sdk9v	|sports|sports_team:|m|02qjb_	0.0011023276174063922	*
|sports|sports_position:|m|02sdk9v	|sports|sports_team:|m|05r_x5	0.0011023276174063922	
|sports|sports_position:|m|02sdk9v	|sports|sports_team:|m|04994l	0.0010729923488764993	*
|sports|sports_position:|m|02sdk9v	|sports|sports_team:|m|0f1kwr	9.818021613102056E-4	*
|sports|sports_position:|m|02sdk9v	|sports|sports_team:|m|0515zg	9.460894930797892E-4	*
|sports|sports_position:|m|02sdk9v	|sports|sports_team:|m|02b1xy	7.466385915164832E-4	
|sports|sports_position:|m|02sdk9v	|sports|sports_team:|m|0182r9	7.466385915164832E-4	*
|sports|sports_position:|m|02sdk9v	|sports|sports_team:|m|03xh50	7.466385915164832E-4	*
|sports|sports_position:|m|02sdk9v	|sports|sports_team:|m|02jgm0	6.674118910864371E-4	
|sports|sports_position:|m|02sdk9v	|sports|sports_team:|m|040p3y	6.33652190117659E-4	*
|sports|sports_position:|m|02sdk9v	|sports|sports_team:|m|019m5j	6.263965197455084E-4	*
|sports|sports_position:|m|02sdk9v	|sports|sports_team:|m|0br0vs	6.261131354202967E-4	
|sports|sports_position:|m|02sdk9v	|sports|sports_team:|m|05z8cq	6.261131354202967E-4	*
|sports|sports_position:|m|02sdk9v	|sports|sports_team:|m|02b0zd	6.196906645213116E-4	*
|sports|sports_position:|m|02sdk9v	|sports|sports_team:|m|04czcb	5.18523666677223E-4	*
|sports|sports_position:|m|02sdk9v	|sports|sports_team:|m|02rh_0	5.058710636493219E-4	*
|sports|sports_position:|m|02sdk9v	|sports|sports_team:|m|02b190	4.58496918388194E-4	*
|sports|sports_position:|m|02sdk9v	|sports|sports_team:|m|02b10g	4.3296275905831686E-4	
|sports|sports_position:|m|02sdk9v	|sports|sports_team:|m|06xj4w	3.9260127792528583E-4	*
|sports|sports_position:|m|02sdk9v	|sports|sports_team:|m|04kny3	3.379714622920074E-4	*
|sports|sports_position:|m|02sdk9v	|sports|sports_team:|m|059nf5	3.379714622920074E-4	*
|sports|sports_position:|m|02sdk9v	|sports|sports_team:|m|073hhn	3.371798607856011E-4	
|sports|sports_position:|m|02sdk9v	|sports|sports_team:|m|0bzh04	2.8842505745350097E-4	
|sports|sports_position:|m|02sdk9v	|sports|sports_team:|m|034_cr	2.683617896792433E-4	*
|sports|sports_position:|m|02sdk9v	|sports|sports_team:|m|03fhj1	2.1935851746957404E-4	*
|sports|sports_position:|m|02sdk9v	|sports|sports_team:|m|06jwys	1.6789960135731442E-4	
|sports|sports_position:|m|02sdk9v	|sports|sports_team:|m|0bqr7_	1.6789960135731442E-4	*
|sports|sports_position:|m|02sdk9v	|sports|sports_team:|m|03mq33	1.6789960135731442E-4	
|sports|sports_position:|m|02sdk9v	|sports|sports_team:|m|02b13j	1.6789960135731442E-4	
|sports|sports_position:|m|02sdk9v	|sports|sports_team:|m|01vqc7	1.6789960135731442E-4	*
|sports|sports_position:|m|02sdk9v	|sports|sports_team:|m|019m9h	1.2855296723222572E-4	*
|sports|sports_position:|m|02sdk9v	|sports|sports_team:|m|027024	1.2052545609618658E-4	*
|sports|sports_position:|m|02sdk9v	|sports|sports_team:|m|098r1q	1.2052545609618658E-4	*
|sports|sports_position:|m|02sdk9v	|sports|sports_team:|m|03l7qs	1.2052545609618658E-4	
|sports|sports_position:|m|02sdk9v	|sports|sports_team:|m|01vcnl	1.2052545609618658E-4	*
|sports|sports_position:|m|02sdk9v	|sports|sports_team:|m|02ltg3	1.2052545609618658E-4	
|sports|sports_position:|m|02sdk9v	|sports|sports_team:|m|02qhlm	1.2052545609618658E-4	*
|sports|sports_position:|m|02sdk9v	|sports|sports_team:|m|04764j	9.134737234843928E-5	*
|sports|sports_position:|m|02sdk9v	|sports|sports_team:|m|024tsn	0.0	*
|sports|sports_position:|m|02sdk9v	|sports|sports_team:|m|04knh6	0.0	*
|sports|sports_position:|m|02sdk9v	|sports|sports_team:|m|01kc4s	0.0	*
|sports|sports_position:|m|02sdk9v	|sports|sports_team:|m|02279c	0.0	*
|sports|sports_position:|m|02sdk9v	|sports|sports_team:|m|02q3n9c	0.0	*
|sports|sports_position:|m|02sdk9v	|sports|sports_team:|m|05ns4g	0.0	*
|sports|sports_position:|m|02sdk9v	|sports|sports_team:|m|0266sb_	0.0	*
|sports|sports_position:|m|02sdk9v	|sports|sports_team:|m|03078l	0.0	*
|sports|sports_position:|m|02sdk9v	|sports|sports_team:|m|02w59b	0.0	*
|sports|sports_position:|m|02sdk9v	|sports|sports_team:|m|04knvh	0.0	*
|sports|sports_position:|m|02sdk9v	|sports|sports_team:|m|02b1ng	-2.899727392092035E-5	*
|sports|sports_position:|m|02sdk9v	|sports|sports_team:|m|03m10r	-8.567552391195414E-5	*
|sports|sports_position:|m|02sdk9v	|sports|sports_team:|m|0420td	-1.1861294482243341E-4	*
|sports|sports_position:|m|02sdk9v	|sports|sports_team:|m|02056s	-2.3913840091861998E-4	*
|sports|sports_position:|m|02sdk9v	|sports|sports_team:|m|0ksy_	-2.3913840091861998E-4	*
|sports|sports_position:|m|02sdk9v	|sports|sports_team:|m|01p_ng	-3.34725527400757E-4	*
|sports|sports_position:|m|02sdk9v	|sports|sports_team:|m|0fvly	-5.833209597537776E-4	*
|sports|sports_position:|m|02sdk9v	|sports|sports_team:|m|071rlr	-7.394327874640871E-4	*
|sports|sports_position:|m|02sdk9v	|sports|sports_team:|m|05hc96	-8.599582435602737E-4	*
|sports|sports_position:|m|02sdk9v	|sports|sports_team:|m|04mp9q	-8.599582435602737E-4	*
|sports|sports_position:|m|02sdk9v	|sports|sports_team:|m|03j0ss	-8.599582435602737E-4	*
|sports|sports_position:|m|02sdk9v	|sports|sports_team:|m|0ljbg	-9.105019669938871E-4	*
|sports|sports_position:|m|02sdk9v	|sports|sports_team:|m|02b10w	-9.759222376790634E-4	
|sports|sports_position:|m|02sdk9v	|sports|sports_team:|m|01x4wq	-9.759222376790634E-4	*
|sports|sports_position:|m|02sdk9v	|sports|sports_team:|m|056xx8	-9.759222376790634E-4	*
|sports|sports_position:|m|02sdk9v	|sports|sports_team:|m|046n4q	-0.0010990966444788938	*
|sports|sports_position:|m|02sdk9v	|sports|sports_team:|m|04mnts	-0.0034787749170627005	*
|sports|sports_position:|m|02sdk9v	|sports|sports_team:|m|01r5xw	-0.0035960544382676366	
|sports|sports_position:|m|02sdk9v	|sports|sports_team:|m|03td5v	-0.0038573652692238123	
|sports|sports_position:|m|02sdk9v	|sports|sports_team:|m|01zhs3	-0.005433445649592333	*
|sports|sports_position:|m|02sdk9v	|sports|sports_team:|m|01slcv	-0.018574775080356102	*
|sports|sports_position:|m|02sdk9v	|sports|sports_team:|m|044lbv	-0.018653591970004976	*
|sports|sports_position:|m|02sdk9v	|sports|sports_team:|m|044p4_	-0.01993433801470812	*
|sports|sports_position:|m|02sdk9v	|sports|sports_team:|m|02rjz5	-0.02085582448974095	*

|sports|sports_position:|m|03558l	|sports|sports_team:|m|0jm5b	0.007951197520482093	*
|sports|sports_position:|m|03558l	|sports|sports_team:|m|0jmm4	0.007547756748325636	*
|sports|sports_position:|m|03558l	|sports|sports_team:|m|0jm2v	0.0028741295015042405	*
|sports|sports_position:|m|03558l	|sports|sports_team:|m|0jm3b	0.0022021664989968787	*
|sports|sports_position:|m|03558l	|sports|sports_team:|m|0jmfv	0.002128321980719571	
|sports|sports_position:|m|03558l	|sports|sports_team:|m|0jmfb	0.0015887816152502926	*
|sports|sports_position:|m|03558l	|sports|sports_team:|m|04cxw5b	0.0015768106374062728	*
|sports|sports_position:|m|03558l	|sports|sports_team:|m|0jmhr	-1.0183748220651378E-4	*
|sports|sports_position:|m|03558l	|sports|sports_team:|m|091tgz	-5.150861065445411E-4	
|sports|sports_position:|m|03558l	|sports|sports_team:|m|0jmk7	-5.899515915039799E-4	*
|sports|sports_position:|m|03558l	|sports|sports_team:|m|0jm3v	-0.0022679060717373605	*
|sports|sports_position:|m|03558l	|sports|sports_team:|m|03d555l	-0.01468001629043602	

|sports|sports_position:|m|02g_7z	|sports|sports_team:|m|05g3v	0.0771704746624941	*
|sports|sports_position:|m|02g_7z	|sports|sports_team:|m|03b3j	0.07310804278649574	*
|sports|sports_position:|m|02g_7z	|sports|sports_team:|m|06x76	0.06666258733298722	*
|sports|sports_position:|m|02g_7z	|sports|sports_team:|m|084l5	0.05895101892002815	*
|sports|sports_position:|m|02g_7z	|sports|sports_team:|m|0wsr	0.047489095758889106	*
|sports|sports_position:|m|02g_7z	|sports|sports_team:|m|05g3b	0.04393055358941149	*
|sports|sports_position:|m|02g_7z	|sports|sports_team:|m|01y3c	0.03619144608569819	*
|sports|sports_position:|m|02g_7z	|sports|sports_team:|m|02896	0.03085907807305925	*
|sports|sports_position:|m|02g_7z	|sports|sports_team:|m|05l71	0.029945884514277623	*
|sports|sports_position:|m|02g_7z	|sports|sports_team:|m|0fgg8c	0.02031020005556846	
|sports|sports_position:|m|02g_7z	|sports|sports_team:|m|0ftf0f	0.015994531999802455	*
|sports|sports_position:|m|02g_7z	|sports|sports_team:|m|06rny	0.012484586269755247	*
|sports|sports_position:|m|02g_7z	|sports|sports_team:|m|0bs09lb	0.006742002173232694	*
|sports|sports_position:|m|02g_7z	|sports|sports_team:|m|0fjzsy	0.0051727441199226395	*
|sports|sports_position:|m|02g_7z	|sports|sports_team:|m|0fbq2n	0.0036626933097845585	*
|sports|sports_position:|m|02g_7z	|sports|sports_team:|m|025v1sx	0.002000278730939515	*
|sports|sports_position:|m|02g_7z	|sports|sports_team:|m|0ftccy	0.0016918355227525377	*

|sports|sports_position:|m|047g8h	|sports|sports_team:|m|07l2m	0.06700982580271903	
|sports|sports_position:|m|047g8h	|sports|sports_team:|m|01xvb	0.05378583321141599	*
|sports|sports_position:|m|047g8h	|sports|sports_team:|m|05tg3	0.04375670779929516	*
|sports|sports_position:|m|047g8h	|sports|sports_team:|m|05g49	0.04022065467603896	*
|sports|sports_position:|m|047g8h	|sports|sports_team:|m|06rny	0.03949810335881786	*
|sports|sports_position:|m|047g8h	|sports|sports_team:|m|07kbp5	0.014043034836579872	*
|sports|sports_position:|m|047g8h	|sports|sports_team:|m|0fbtm7	0.013767226947168932	*
|sports|sports_position:|m|047g8h	|sports|sports_team:|m|03ttn0	0.012418702812551677	
|sports|sports_position:|m|047g8h	|sports|sports_team:|m|0fht9f	0.01153172910487925	*
|sports|sports_position:|m|047g8h	|sports|sports_team:|m|026l1lq	0.008238070263785808	
|sports|sports_position:|m|047g8h	|sports|sports_team:|m|0fw9n7	0.0037851456279410747	
|sports|sports_position:|m|047g8h	|sports|sports_team:|m|03915c	0.0013742351691890511	
|sports|sports_position:|m|047g8h	|sports|sports_team:|m|02h8p8	-0.0040935949326355615	

|sports|sports_position:|m|0bgv4g	|sports|sports_team:|m|043vc	0.049599636911085494	
|sports|sports_position:|m|0bgv4g	|sports|sports_team:|m|07k53y	0.017938496175472524	*
|sports|sports_position:|m|0bgv4g	|sports|sports_team:|m|07kbp5	0.007230003866561232	
|sports|sports_position:|m|0bgv4g	|sports|sports_team:|m|086hg9	0.005936917902701334	
|sports|sports_position:|m|0bgv4g	|sports|sports_team:|m|0fgg8c	0.004213660616833319	
|sports|sports_position:|m|0bgv4g	|sports|sports_team:|m|025v26c	6.941667218398767E-4	
|sports|sports_position:|m|0bgv4g	|sports|sports_team:|m|03ttn0	6.464555407685487E-5	

|sports|sports_position:|m|02wszf	|sports|sports_team:|m|01ync	0.04975206330264499	*
|sports|sports_position:|m|02wszf	|sports|sports_team:|m|04wmvz	0.010474470986953054	*
|sports|sports_position:|m|02wszf	|sports|sports_team:|m|04b5l3	0.00628629527700106	*
|sports|sports_position:|m|02wszf	|sports|sports_team:|m|07l8x	0.005893366205619125	
|sports|sports_position:|m|02wszf	|sports|sports_team:|m|04c9bn	0.0015932684378923447	*
|sports|sports_position:|m|02wszf	|sports|sports_team:|m|01y3v	-0.004997840993231296	
|sports|sports_position:|m|02wszf	|sports|sports_team:|m|01d6g	-0.005221632098785092	*
|sports|sports_position:|m|02wszf	|sports|sports_team:|m|02gtm4	-0.012210444932827079	*
|sports|sports_position:|m|02wszf	|sports|sports_team:|m|0jml5	-0.014993522979693887	

|sports|sports_position:|m|02sf_r	|sports|sports_team:|m|0jm5b	0.008603498121598508	*
|sports|sports_position:|m|02sf_r	|sports|sports_team:|m|02plv57	0.005292287610266405	*
|sports|sports_position:|m|02sf_r	|sports|sports_team:|m|0jmfv	0.005145182152586602	*
|sports|sports_position:|m|02sf_r	|sports|sports_team:|m|0jm6n	0.005128428017929531	*
|sports|sports_position:|m|02sf_r	|sports|sports_team:|m|0jm7n	0.004438391508217227	
|sports|sports_position:|m|02sf_r	|sports|sports_team:|m|0jmm4	0.004411788702418932	*
|sports|sports_position:|m|02sf_r	|sports|sports_team:|m|02pqcfz	-0.004573350322244802	
|sports|sports_position:|m|02sf_r	|sports|sports_team:|m|026dqjm	-0.008825915090922289	

|sports|sports_position:|m|06b1q	|sports|sports_team:|m|02c_4	0.0847990831817876	*
|sports|sports_position:|m|06b1q	|sports|sports_team:|m|084l5	0.050274755025575164	
|sports|sports_position:|m|06b1q	|sports|sports_team:|m|04vn5	0.04538804199314248	*
|sports|sports_position:|m|06b1q	|sports|sports_team:|m|043vc	0.038434765594453836	*
|sports|sports_position:|m|06b1q	|sports|sports_team:|m|0ws7	0.035798802751391065	
|sports|sports_position:|m|06b1q	|sports|sports_team:|m|070xg	0.03268927926036872	
|sports|sports_position:|m|06b1q	|sports|sports_team:|m|0g0z58	0.022041330987228835	*
|sports|sports_position:|m|06b1q	|sports|sports_team:|m|07kbp5	0.021542546878026453	*
|sports|sports_position:|m|06b1q	|sports|sports_team:|m|0fgg8c	0.021283372833835627	*
|sports|sports_position:|m|06b1q	|sports|sports_team:|m|0ftf0f	0.019490286214860767	*
|sports|sports_position:|m|06b1q	|sports|sports_team:|m|0fbtm7	0.018192730577863348	*
|sports|sports_position:|m|06b1q	|sports|sports_team:|m|086hg9	0.018058843865063914	
|sports|sports_position:|m|06b1q	|sports|sports_team:|m|026cmdc	0.01065184502879336	
|sports|sports_position:|m|06b1q	|sports|sports_team:|m|02pd1tf	0.0062423472449314584	*
|sports|sports_position:|m|06b1q	|sports|sports_team:|m|03hfxkn	0.004537901698264284	*
|sports|sports_position:|m|06b1q	|sports|sports_team:|m|01lpwh	0.002834315061636646	*
|sports|sports_position:|m|06b1q	|sports|sports_team:|m|013yq	0.0017740650102587379	
|sports|sports_position:|m|06b1q	|sports|sports_team:|m|0j8sq	6.919914215134754E-4	*

|sports|sports_position:|m|01snvb	|sports|sports_team:|m|03lsq	0.052726720762473894	
|sports|sports_position:|m|01snvb	|sports|sports_team:|m|05tg3	0.04062894548018593	
|sports|sports_position:|m|01snvb	|sports|sports_team:|m|05g3v	0.03319431185916155	
|sports|sports_position:|m|01snvb	|sports|sports_team:|m|05l71	0.028854279503538277	
|sports|sports_position:|m|01snvb	|sports|sports_team:|m|0bs09lb	0.0165409044098069	*
|sports|sports_position:|m|01snvb	|sports|sports_team:|m|0ft5vs	0.015374650666537645	

|sports|sports_position:|m|028c_8	|sports|sports_team:|m|04mjl	0.041210070149010326	*
|sports|sports_position:|m|028c_8	|sports|sports_team:|m|06x68	0.0352609852901197	*
|sports|sports_position:|m|028c_8	|sports|sports_team:|m|049n7	0.018995137043548035	*
|sports|sports_position:|m|028c_8	|sports|sports_team:|m|07l8f	0.009468700567455367	*
|sports|sports_position:|m|028c_8	|sports|sports_team:|m|051vz	0.00847917510071673	
|sports|sports_position:|m|028c_8	|sports|sports_team:|m|02gtm4	0.0012767922656848815	*
|sports|sports_position:|m|028c_8	|sports|sports_team:|m|0512p	-4.0730652240505744E-4	*
|sports|sports_position:|m|028c_8	|sports|sports_team:|m|019mdt	-0.0038038206584292255	
|sports|sports_position:|m|028c_8	|sports|sports_team:|m|04wmvz	-0.02185861381673312	*

|sports|sports_position:|m|03h42s4	|sports|sports_team:|m|05g3b	0.05323104291432478	
|sports|sports_position:|m|03h42s4	|sports|sports_team:|m|01ct6	0.04461413925620863	
|sports|sports_position:|m|03h42s4	|sports|sports_team:|m|06rpd	0.013654151010242872	
|sports|sports_position:|m|03h42s4	|sports|sports_team:|m|026l1lq	0.007704706892251913	
|sports|sports_position:|m|03h42s4	|sports|sports_team:|m|03hfxkn	0.006771875891043704	*
|sports|sports_position:|m|03h42s4	|sports|sports_team:|m|03ttn0	0.004102175560006137	
|sports|sports_position:|m|03h42s4	|sports|sports_team:|m|0bs09lb	-0.0016981164435285532	

|sports|sports_position:|m|01z9v6	|sports|sports_team:|m|01ypc	0.033276502358013806	
|sports|sports_position:|m|01z9v6	|sports|sports_team:|m|05g76	0.02533161983010062	*
|sports|sports_position:|m|01z9v6	|sports|sports_team:|m|049n7	0.01150154512795229	*
|sports|sports_position:|m|01z9v6	|sports|sports_team:|m|04b5l3	0.006111036131478413	*
|sports|sports_position:|m|01z9v6	|sports|sports_team:|m|0x2p	0.005577147331658929	*
|sports|sports_position:|m|01z9v6	|sports|sports_team:|m|07l8x	0.004561132223585183	
|sports|sports_position:|m|01z9v6	|sports|sports_team:|m|01d5z	0.003688620919898639	*
|sports|sports_position:|m|01z9v6	|sports|sports_team:|m|0wsr	3.2895143480639295E-4	
|sports|sports_position:|m|01z9v6	|sports|sports_team:|m|085v7	-0.0017783650117187278	
|sports|sports_position:|m|01z9v6	|sports|sports_team:|m|0jnng	-0.0033021449419563917	

|sports|sports_position:|m|02rsl1	|sports|sports_team:|m|01ypc	0.08026322972575352	*
|sports|sports_position:|m|02rsl1	|sports|sports_team:|m|01ync	0.047740966284558276	
|sports|sports_position:|m|02rsl1	|sports|sports_team:|m|0512p	0.012949850145742722	*
|sports|sports_position:|m|02rsl1	|sports|sports_team:|m|04b5l3	0.00446709983422236	
|sports|sports_position:|m|02rsl1	|sports|sports_team:|m|0x2p	-0.0010598431946840393	*
|sports|sports_position:|m|02rsl1	|sports|sports_team:|m|049n7	-0.0013662682631915314	*
|sports|sports_position:|m|02rsl1	|sports|sports_team:|m|0498yf	-0.007952469801430405	

|sports|sports_position:|m|02s7tr	|sports|sports_team:|m|05xvj	0.033123640099267736	*
|sports|sports_position:|m|02s7tr	|sports|sports_team:|m|03qrh9	-4.056345964117928E-5	

|sports|sports_position:|m|02vkdwz	|sports|sports_team:|m|01ct6	0.08859957655403233	
|sports|sports_position:|m|02vkdwz	|sports|sports_team:|m|05tfm	0.05712417795560575	*
|sports|sports_position:|m|02vkdwz	|sports|sports_team:|m|0fsb_6	0.028472620680559387	*
|sports|sports_position:|m|02vkdwz	|sports|sports_team:|m|02px_23	0.02016280902896733	*
|sports|sports_position:|m|02vkdwz	|sports|sports_team:|m|05l71	0.019423405071485548	
|sports|sports_position:|m|02vkdwz	|sports|sports_team:|m|0ftccy	-7.769309385782805E-4	

