-used_for-_used_for-used_for-	2.2630353719578618
-in-_on-used_for-	0.8905399147198051
-made_of-_made_of-used_for-	0.6865037443032559
-on-_in-in-_on-used_for-	0.6372176915838421
-on-_in-on-_on-used_for-	0.6372176915838421
-on-_in-used_for-_used_for-used_for-	0.6372176915838421
-on-_in-made_of-_made_of-used_for-	0.6372176915838421
-on-_in-on-_in-used_for-	0.3529961385481038
-on-_in-in-_in-used_for-	0.3529961385481038
-made_of-_made_of-in-_on-used_for-	0.04843746317396823
-made_of-_made_of-used_for-_used_for-used_for-	0.04843746317396823
-made_of-_made_of-on-_on-used_for-	0.04843746317396823
-made_of-_made_of-made_of-_made_of-used_for-	0.04843746317396823
-in-_in-used_for-	0.03437398756953991
!!!!NULL FEATURE!!!!	0.0
-in-_on-in-_on-used_for-	-0.011966966189134752
-in-_on-used_for-_used_for-used_for-	-0.011966966189134752
-in-_on-on-_on-used_for-	-0.011966966189134752
-in-_in-in-_on-used_for-	-0.011966966189134752
-in-_in-made_of-_made_of-used_for-	-0.011966966189134752
-in-_on-made_of-_made_of-used_for-	-0.011966966189134752
-in-_in-used_for-_used_for-used_for-	-0.011966966189134752
-in-_in-on-_on-used_for-	-0.011966966189134752
-made_of-_made_of-in-_in-used_for-	-0.13969060424618174
-made_of-_made_of-on-_in-used_for-	-0.13969060424618174
-on-_on-on-_on-used_for-	-0.1461639499888326
-on-_on-used_for-_used_for-used_for-	-0.1461639499888326
-on-_on-made_of-_made_of-used_for-	-0.1461639499888326
-on-_on-in-_on-used_for-	-0.1461639499888326
-used_for-_used_for-in-_on-used_for-	-0.1462768075893998
-used_for-_used_for-used_for-_used_for-used_for-	-0.1462768075893998
-used_for-_used_for-made_of-_made_of-used_for-	-0.1462768075893998
-used_for-_used_for-on-_on-used_for-	-0.1462768075893998
-on-_in-used_for-	-0.21711792449313652
-on-_on-in-_in-used_for-	-0.2421763632576349
-on-_on-on-_in-used_for-	-0.2421763632576349
-in-_on-on-_in-used_for-	-0.46449850212122906
-in-_in-in-_in-used_for-	-0.46449850212122906
-in-_on-in-_in-used_for-	-0.46449850212122906
-in-_in-on-_in-used_for-	-0.46449850212122906
-used_for-_used_for-in-_in-used_for-	-0.7398144497966891
-used_for-_used_for-on-_in-used_for-	-0.7398144497966891
-on-_on-used_for-	-1.3073674447077166
