-made_of-_made_of-made_of-	0.3672419300020322
-made_of-_made_of-used_for-_used_for-made_of-	0.08752292341744745
-made_of-_made_of-in-_in-made_of-	0.08752292341744745
-made_of-_made_of-in-_on-made_of-	0.08752292341744745
-made_of-_made_of-on-_in-made_of-	0.08752292341744745
-made_of-_made_of-made_of-_made_of-made_of-	0.08752292341744745
-made_of-_made_of-on-_on-made_of-	0.08752292341744745
-on-_in-in-_on-made_of-	0.06552637446013491
-on-_in-used_for-_used_for-made_of-	0.06552637446013491
-on-_in-in-_in-made_of-	0.06552637446013491
-on-_in-made_of-_made_of-made_of-	0.06552637446013491
-on-_in-made_of-	0.06552637446013491
-on-_in-on-_in-made_of-	0.06552637446013491
-on-_in-on-_on-made_of-	0.06552637446013491
-on-_on-on-_on-made_of-	0.02374891422409606
-on-_on-made_of-	0.02374891422409606
-on-_on-used_for-_used_for-made_of-	0.02374891422409606
-on-_on-in-_in-made_of-	0.02374891422409606
-on-_on-made_of-_made_of-made_of-	0.02374891422409606
-on-_on-on-_in-made_of-	0.02374891422409606
-on-_on-in-_on-made_of-	0.02374891422409606
!!!!NULL FEATURE!!!!	0.0
-in-_in-on-_in-made_of-	-1.9400226340766014E-4
-in-_in-used_for-_used_for-made_of-	-1.9400226340766014E-4
-in-_on-in-_on-made_of-	-1.9400226340766014E-4
-in-_on-on-_in-made_of-	-1.9400226340766014E-4
-in-_in-in-_in-made_of-	-1.9400226340766014E-4
-in-_in-in-_on-made_of-	-1.9400226340766014E-4
-in-_on-made_of-_made_of-made_of-	-1.9400226340766014E-4
-in-_on-in-_in-made_of-	-1.9400226340766014E-4
-in-_in-made_of-	-1.9400226340766014E-4
-in-_in-on-_on-made_of-	-1.9400226340766014E-4
-in-_in-made_of-_made_of-made_of-	-1.9400226340766014E-4
-in-_on-made_of-	-1.9400226340766014E-4
-in-_on-used_for-_used_for-made_of-	-1.9400226340766014E-4
-in-_on-on-_on-made_of-	-1.9400226340766014E-4
-used_for-_used_for-used_for-_used_for-made_of-	-0.10693055243826938
-used_for-_used_for-on-_on-made_of-	-0.10693055243826938
-used_for-_used_for-in-_in-made_of-	-0.10693055243826938
-used_for-_used_for-made_of-_made_of-made_of-	-0.10693055243826938
-used_for-_used_for-on-_in-made_of-	-0.10693055243826938
-used_for-_used_for-in-_on-made_of-	-0.10693055243826938
-used_for-_used_for-made_of-	-0.15131958617126012
