|award|award_winning_work:|m|0gcpc	|award|award_category:|m|019f4v	3.2439034368793758	*

|award|award_winning_work:|m|026gyn_	|award|award_category:|m|094qd5	4.847658076672054	*
|award|award_winning_work:|m|026gyn_	|award|award_category:|m|02wypbh	0.8401107770734967	
|award|award_winning_work:|m|026gyn_	|award|award_category:|m|0bs0bh	-1.1814106008302225	
|award|award_winning_work:|m|026gyn_	|award|award_category:|m|04njml	-1.5136605402056806	

|award|award_winning_work:|m|02pxst	|award|award_category:|m|040njc	0.6721405397351641	

|award|award_winning_work:|m|03x7hd	|award|award_category:|m|0gqxm	1.1480050283779775	
|award|award_winning_work:|m|03x7hd	|award|award_category:|m|0gs9p	-3.308517007076628	

|award|award_winning_work:|m|026p4q7	|award|award_category:|m|0gs96	-0.7803390165137577	
|award|award_winning_work:|m|026p4q7	|award|award_category:|m|0gs9p	-1.7894011614408982	

|award|award_winning_work:|m|0sxns	|award|award_category:|m|0f4x7	1.9602767080919956	
|award|award_winning_work:|m|0sxns	|award|award_category:|m|02x4sn8	1.6294860722105682	
|award|award_winning_work:|m|0sxns	|award|award_category:|m|02wkmx	-1.5789984505298005	

|award|award_winning_work:|m|0209hj	|award|award_category:|m|0k611	2.710421835710658	*
|award|award_winning_work:|m|0209hj	|award|award_category:|m|0f4x7	2.4816812785824705	*
|award|award_winning_work:|m|0209hj	|award|award_category:|m|02r22gf	1.4390132525914838	
|award|award_winning_work:|m|0209hj	|award|award_category:|m|05zvq6g	1.1518531825713698	
|award|award_winning_work:|m|0209hj	|award|award_category:|m|02qvyrt	-2.0169933558418847	

|award|award_winning_work:|m|02ll45	|award|award_category:|m|02qvyrt	4.264718118655381	*
|award|award_winning_work:|m|02ll45	|award|award_category:|m|02n9nmz	0.7319357138730762	
|award|award_winning_work:|m|02ll45	|award|award_category:|m|0gq_v	-0.4181674773896167	

|award|award_winning_work:|m|0ddt_	|award|award_category:|m|019f4v	0.06710725136662121	
|award|award_winning_work:|m|0ddt_	|award|award_category:|m|02x4x18	-0.546566336059305	
|award|award_winning_work:|m|0ddt_	|award|award_category:|m|0l8z1	-0.9459593870357097	

|award|award_winning_work:|m|02_06s	|award|award_category:|m|09cn0c	3.3607772745521	*
|award|award_winning_work:|m|02_06s	|award|award_category:|m|0789r6	1.6759357883801878	

|award|award_winning_work:|m|07cz2	|award|award_category:|m|02g3ft	1.1277732135741567	*
|award|award_winning_work:|m|07cz2	|award|award_category:|m|02n9nmz	1.0983044010604364	

|award|award_winning_work:|m|015qqg	|award|award_category:|m|05b4l5x	-0.8383717765301097	
|award|award_winning_work:|m|015qqg	|award|award_category:|m|0drtkx	-1.4554657572247254	

|award|award_winning_work:|m|05h43ls	|award|award_category:|m|0gr51	-2.7625783948419103	

|award|award_winning_work:|m|0qm8b	|award|award_category:|m|0p9sw	2.8128063464530184	*

|award|award_winning_work:|m|0hv81	|award|award_category:|m|0gqyl	-0.0640953695704396	

|award|award_winning_work:|m|01sxly	|award|award_category:|m|040njc	0.7358100864552682	
|award|award_winning_work:|m|01sxly	|award|award_category:|m|04kxsb	0.6769633028021436	*

|award|award_winning_work:|m|03_8kz	|award|award_category:|m|0m7yy	4.042955365903858	*
|award|award_winning_work:|m|03_8kz	|award|award_category:|m|0fbtbt	3.476455586001256	*

|award|award_winning_work:|m|01j67j	|award|award_category:|m|0m7yy	0.9134949532227135	*
|award|award_winning_work:|m|01j67j	|award|award_category:|m|0bdw6t	-0.03800675328776981	

|award|award_winning_work:|m|01r97z	|award|award_category:|m|03c7tr1	5.008097456935715	*
|award|award_winning_work:|m|01r97z	|award|award_category:|m|07bdd_	4.58324030942565	*

|award|award_winning_work:|m|011ypx	|award|award_category:|m|04dn09n	4.723332473610859	*
|award|award_winning_work:|m|011ypx	|award|award_category:|m|0gq_v	2.1319113397111336	

|award|award_winning_work:|m|0btpm6	|award|award_category:|m|027dtxw	3.48486313812099	*
|award|award_winning_work:|m|0btpm6	|award|award_category:|m|094qd5	1.1872499827828373	

|award|award_winning_work:|m|02rjv2w	|award|award_category:|m|04dn09n	1.1228605023357807	*
|award|award_winning_work:|m|02rjv2w	|award|award_category:|m|054krc	0.35227402063471636	*
|award|award_winning_work:|m|02rjv2w	|award|award_category:|m|019f4v	0.15902512422660398	*
|award|award_winning_work:|m|02rjv2w	|award|award_category:|m|0l8z1	-0.07052483819167593	*

|award|award_winning_work:|m|01y9jr	|award|award_category:|m|0gr4k	-0.6266614543974095	

|award|award_winning_work:|m|01srq2	|award|award_category:|m|027b9k6	3.4250102652689987	*
|award|award_winning_work:|m|01srq2	|award|award_category:|m|099cng	-0.1688110905923626	

|award|award_winning_work:|m|03b1l8	|award|award_category:|m|09cn0c	3.6029139676139184	*
|award|award_winning_work:|m|03b1l8	|award|award_category:|m|02r22gf	1.5485828286089698	*
|award|award_winning_work:|m|03b1l8	|award|award_category:|m|03ybrwc	1.5485828286089698	*
|award|award_winning_work:|m|03b1l8	|award|award_category:|m|0789r6	0.773229275742604	
|award|award_winning_work:|m|03b1l8	|award|award_category:|m|018wdw	0.76911744784718	

|award|award_winning_work:|m|0c_j9x	|award|award_category:|m|019f4v	-0.20093306630066454	

|award|award_winning_work:|m|02hfk5	|award|award_category:|m|0gqng	1.3134438310465772	*

|award|award_winning_work:|m|024lt6	|award|award_category:|m|02x4wr9	-0.12678779653313732	*

|award|award_winning_work:|m|03bdkd	|award|award_category:|m|0gqwc	0.7867531051938332	

|award|award_winning_work:|m|0pk1p	|award|award_category:|m|03c7tr1	1.1194162426754632	

|award|award_winning_work:|m|01fx6y	|award|award_category:|m|05zvj3m	1.564657765441226	

|award|award_winning_work:|m|02p86pb	|award|award_category:|m|02pqp12	1.2730989439216764	
|award|award_winning_work:|m|02p86pb	|award|award_category:|m|094qd5	-1.6096432451648623	

|award|award_winning_work:|m|0k_9j	|award|award_category:|m|0gq9h	-0.11491449864085629	

|award|award_winning_work:|m|02gl58	|award|award_category:|m|0gkr9q	1.0504240749377245	

|award|award_winning_work:|m|02ryz24	|award|award_category:|m|07h0cl	0.1642491577916915	

|award|award_winning_work:|m|0ddjy	|award|award_category:|m|0k611	-0.10980569065012907	
|award|award_winning_work:|m|0ddjy	|award|award_category:|m|0gs96	-0.7905792985295064	
|award|award_winning_work:|m|0ddjy	|award|award_category:|m|02wkmx	-1.2334118766953104	

|award|award_winning_work:|m|08cfr1	|award|award_category:|m|02n9nmz	-0.9331208674310144	

|award|award_winning_work:|m|049xgc	|award|award_category:|m|040njc	4.521435946720693	*
|award|award_winning_work:|m|049xgc	|award|award_category:|m|0gr51	-0.7403898853821909	

|award|award_winning_work:|m|05qm9f	|award|award_category:|m|0gr4k	6.700934226268008	*
|award|award_winning_work:|m|05qm9f	|award|award_category:|m|04dn09n	4.036385209789351	*
|award|award_winning_work:|m|05qm9f	|award|award_category:|m|0gq9h	3.5229904462732433	*
|award|award_winning_work:|m|05qm9f	|award|award_category:|m|0gs9p	0.18282141131988278	

|award|award_winning_work:|m|0pd64	|award|award_category:|m|0k611	1.7605663450584959	*

|award|award_winning_work:|m|0gxfz	|award|award_category:|m|09cn0c	4.906109572821122	*
|award|award_winning_work:|m|0gxfz	|award|award_category:|m|019f4v	1.094490553093183	

|award|award_winning_work:|m|0645k5	|award|award_category:|m|0gqxm	-0.844061252115053	

|award|award_winning_work:|m|016fyc	|award|award_category:|m|0f4x7	2.3825489783311804	
|award|award_winning_work:|m|016fyc	|award|award_category:|m|099jhq	1.2661895917957404	*

|award|award_winning_work:|m|04m1bm	|award|award_category:|m|0gqng	1.2104751966170677	*
|award|award_winning_work:|m|04m1bm	|award|award_category:|m|04kxsb	-1.9665928081004254	*

|award|award_winning_work:|m|03b1sb	|award|award_category:|m|0gr07	-2.9790445010736644	

|award|award_winning_work:|m|0f4_l	|award|award_category:|m|02wkmx	3.419039652634994	*
|award|award_winning_work:|m|0f4_l	|award|award_category:|m|04dn09n	2.773152707267232	*

|award|award_winning_work:|m|0b2v79	|award|award_category:|m|02qvyrt	1.9812870648768544	*
|award|award_winning_work:|m|0b2v79	|award|award_category:|m|0gr42	1.8774269602620124	

|award|award_winning_work:|m|01lsl	|award|award_category:|m|0gr51	2.6260139231391633	*

|award|award_winning_work:|m|0gpx6	|award|award_category:|m|054knh	1.0386634470343683	*

|award|award_winning_work:|m|0mb8c	|award|award_category:|m|05ztrmj	0.5663041192738562	

|award|award_winning_work:|m|01xq8v	|award|award_category:|m|0gq_v	2.6953904221616676	
|award|award_winning_work:|m|01xq8v	|award|award_category:|m|0gs96	2.322583807908811	*
|award|award_winning_work:|m|01xq8v	|award|award_category:|m|018wdw	2.2507924502952594	*

|award|award_winning_work:|m|09g8vhw	|award|award_category:|m|03c7tr1	0.4785400214720935	

|award|award_winning_work:|m|02rb84n	|award|award_category:|m|0drtkx	3.198700812426949	*

|award|award_winning_work:|m|01qz5	|award|award_category:|m|0l8z1	6.212388186683841	*
|award|award_winning_work:|m|01qz5	|award|award_category:|m|0gq9h	3.1835738382859633	*
|award|award_winning_work:|m|01qz5	|award|award_category:|m|0gr51	2.5043969718987666	*
|award|award_winning_work:|m|01qz5	|award|award_category:|m|019f4v	1.0038263574460853	
|award|award_winning_work:|m|01qz5	|award|award_category:|m|0gqy2	0.8072543320808405	

|award|award_winning_work:|m|014gjp	|award|award_category:|m|0m7yy	4.255149534658368	*
|award|award_winning_work:|m|014gjp	|award|award_category:|m|0bdw6t	-0.06311428746552616	

|award|award_winning_work:|m|0bx0l	|award|award_category:|m|0gq_v	4.4110609314261495	*

|award|award_winning_work:|m|06krf3	|award|award_category:|m|0gs9p	-1.8865474417013737	

|award|award_winning_work:|m|0_b9f	|award|award_category:|m|02y_j8g	3.9243030983983327	*
|award|award_winning_work:|m|0_b9f	|award|award_category:|m|09cn0c	3.664209424009451	*
|award|award_winning_work:|m|0_b9f	|award|award_category:|m|02z1nbg	3.487440974510412	*

|award|award_winning_work:|m|0bbgly	|award|award_category:|m|0gqy2	0.02121695394811829	

|award|award_winning_work:|m|0299hs	|award|award_category:|m|018wdw	1.1556693945860645	*
|award|award_winning_work:|m|0299hs	|award|award_category:|m|02g3ft	-0.026099558104418108	*

|award|award_winning_work:|m|01g03q	|award|award_category:|m|02vm9nd	0.20441907501588719	

|award|award_winning_work:|m|04954r	|award|award_category:|m|04dn09n	2.0096997885728345	

|award|award_winning_work:|m|011yqc	|award|award_category:|m|09d28z	2.335989070561939	*
|award|award_winning_work:|m|011yqc	|award|award_category:|m|02r22gf	2.1613286987997933	*

|award|award_winning_work:|m|05sbv3	|award|award_category:|m|0gq9h	4.645473634221462	*
|award|award_winning_work:|m|05sbv3	|award|award_category:|m|02x4sn8	0.5084524082699375	

|award|award_winning_work:|m|0c0yh4	|award|award_category:|m|03ybrwc	-0.22892693414616394	

|award|award_winning_work:|m|0c5dd	|award|award_category:|m|019f4v	3.9803597145231673	
|award|award_winning_work:|m|0c5dd	|award|award_category:|m|0k611	1.2252989330454374	
|award|award_winning_work:|m|0c5dd	|award|award_category:|m|0gqyl	0.6971672745131119	

|award|award_winning_work:|m|0j90s	|award|award_category:|m|094qd5	6.05298928144137	*
|award|award_winning_work:|m|0j90s	|award|award_category:|m|0gr4k	-0.6435794004204074	

|award|award_winning_work:|m|0b6tzs	|award|award_category:|m|0gs9p	5.753287234512385	*
|award|award_winning_work:|m|0b6tzs	|award|award_category:|m|0gq9h	5.735536670061787	*
|award|award_winning_work:|m|0b6tzs	|award|award_category:|m|02pqp12	4.818967159706583	*
|award|award_winning_work:|m|0b6tzs	|award|award_category:|m|0fbtbt	-5.3303080764650534	

|award|award_winning_work:|m|04jwly	|award|award_category:|m|02z1nbg	3.9143353444708326	*
|award|award_winning_work:|m|04jwly	|award|award_category:|m|02x4x18	3.5933350229244514	*
|award|award_winning_work:|m|04jwly	|award|award_category:|m|0gr0m	-0.29526519081790853	

|award|award_winning_work:|m|0gy0l_	|award|award_category:|m|04dn09n	-2.4529905196396817	

|award|award_winning_work:|m|0kbf1	|award|award_category:|m|09d28z	1.4174982520294086	
|award|award_winning_work:|m|0kbf1	|award|award_category:|m|02ppm4q	1.090575409467986	
|award|award_winning_work:|m|0kbf1	|award|award_category:|m|0gr0m	0.658828857132403	*
|award|award_winning_work:|m|0kbf1	|award|award_category:|m|040njc	0.6365249631317518	
|award|award_winning_work:|m|0kbf1	|award|award_category:|m|0gs9p	0.5650406495546936	

|award|award_winning_work:|m|04j4tx	|award|award_category:|m|0gqy2	0.9420207081500404	*
|award|award_winning_work:|m|04j4tx	|award|award_category:|m|0gr0m	0.11678940945990968	*

|award|award_winning_work:|m|041td_	|award|award_category:|m|019f4v	-3.746839902635617	

|award|award_winning_work:|m|02md2d	|award|award_category:|m|0bdw6t	-0.5822654522612317	*

|award|award_winning_work:|m|05b_gq	|award|award_category:|m|05zvj3m	-1.3109359865828634	

|award|award_winning_work:|m|09y6pb	|award|award_category:|m|03c7tr1	2.7141652621935477	*

|award|award_winning_work:|m|03kq98	|award|award_category:|m|0m7yy	0.35715015541594736	*

|award|award_winning_work:|m|04vq33	|award|award_category:|m|02g3ft	0.8472455644962178	

|award|award_winning_work:|m|0gw7p	|award|award_category:|m|019f4v	2.9883529026831117	
|award|award_winning_work:|m|0gw7p	|award|award_category:|m|0gq9h	1.3144700035947445	*

|award|award_winning_work:|m|05c46y6	|award|award_category:|m|02xj3rw	2.2377906479511602	*
|award|award_winning_work:|m|05c46y6	|award|award_category:|m|02x4x18	1.0684136450650907	*

|award|award_winning_work:|m|01gc7	|award|award_category:|m|0l8z1	1.9509263767185896	

|award|award_winning_work:|m|0b_5d	|award|award_category:|m|02gm9n	-0.5046445888980774	

|award|award_winning_work:|m|01qbg5	|award|award_category:|m|02pr67	0.2806596013542972	

|award|award_winning_work:|m|0n6ds	|award|award_category:|m|05pcn59	3.5106634154225436	*

|award|award_winning_work:|m|04v89z	|award|award_category:|m|02pqp12	0.0747119498964478	

|award|award_winning_work:|m|02psgq	|award|award_category:|m|0gs96	0.04577118528299637	*

|award|award_winning_work:|m|0qm9n	|award|award_category:|m|0gqwc	0.220856078275522	*

|award|award_winning_work:|m|0glbqt	|award|award_category:|m|0gr4k	2.3798442792206638	*
|award|award_winning_work:|m|0glbqt	|award|award_category:|m|0gr0m	2.1250636532300686	*
|award|award_winning_work:|m|0glbqt	|award|award_category:|m|0gq9h	0.3475307821402226	
|award|award_winning_work:|m|0glbqt	|award|award_category:|m|03qgjwc	-0.5369135929634579	

|award|award_winning_work:|m|02rqwhl	|award|award_category:|m|02x4sn8	0.4888510209892616	*

|award|award_winning_work:|m|01gvts	|award|award_category:|m|0gqwc	2.9681486634686443	*

|award|award_winning_work:|m|0vjr	|award|award_category:|m|0m7yy	3.3371759567504196	*

|award|award_winning_work:|m|03tps5	|award|award_category:|m|0l8z1	-0.47769431912333293	

|award|award_winning_work:|m|01qncf	|award|award_category:|m|02x4w6g	3.533111597172186	*

|award|award_winning_work:|m|0180mw	|award|award_category:|m|0gkr9q	-0.47676544203257754	*
|award|award_winning_work:|m|0180mw	|award|award_category:|m|0cjyzs	-1.9440187904582489	

|award|award_winning_work:|m|02lxrv	|award|award_category:|m|0gqxm	4.508974312383973	*
|award|award_winning_work:|m|02lxrv	|award|award_category:|m|0k611	-2.1017835431398115	

|award|award_winning_work:|m|017gm7	|award|award_category:|m|0gr42	4.710601479287922	*
|award|award_winning_work:|m|017gm7	|award|award_category:|m|018wdw	1.7633398674086347	*

|award|award_winning_work:|m|091z_p	|award|award_category:|m|0gqxm	2.910577899998025	*
|award|award_winning_work:|m|091z_p	|award|award_category:|m|0gr0m	2.056501243314703	*

|award|award_winning_work:|m|01dc0c	|award|award_category:|m|057xs89	2.731915826644146	*

|award|award_winning_work:|m|0h1x5f	|award|award_category:|m|027dtxw	2.2096567687354947	*
|award|award_winning_work:|m|0h1x5f	|award|award_category:|m|0gr0m	-1.3738431278585608	

|award|award_winning_work:|m|02jxrw	|award|award_category:|m|0l8z1	5.385507273631363	*
|award|award_winning_work:|m|02jxrw	|award|award_category:|m|054krc	4.906958912191813	*

|award|award_winning_work:|m|04lqvly	|award|award_category:|m|054knh	2.4697257572421902	*
|award|award_winning_work:|m|04lqvly	|award|award_category:|m|0p9sw	-2.8792879192989	

|award|award_winning_work:|m|0cwy47	|award|award_category:|m|0gqyl	1.9063834161040978	

|award|award_winning_work:|m|01jrbb	|award|award_category:|m|0gqzz	5.5134766903541	*

|award|award_winning_work:|m|09gq0x5	|award|award_category:|m|04kxsb	4.363125167939957	*
|award|award_winning_work:|m|09gq0x5	|award|award_category:|m|040njc	1.867158937322554	*

|award|award_winning_work:|m|02nczh	|award|award_category:|m|0gqwc	4.787547388969282	*
|award|award_winning_work:|m|02nczh	|award|award_category:|m|02y_j8g	0.6524908105666288	
|award|award_winning_work:|m|02nczh	|award|award_category:|m|018wng	0.18090465053037408	
|award|award_winning_work:|m|02nczh	|award|award_category:|m|04dn09n	-3.4954105839993668	

|award|award_winning_work:|m|01n30p	|award|award_category:|m|02x8n1n	2.8697155764076525	*

|award|award_winning_work:|m|01p3ty	|award|award_category:|m|03r8v_	0.6003706367355357	*

|award|award_winning_work:|m|09r94m	|award|award_category:|m|094qd5	0.8756783389880717	
|award|award_winning_work:|m|09r94m	|award|award_category:|m|0gq_v	0.4225564748787678	

|award|award_winning_work:|m|04j13sx	|award|award_category:|m|04dn09n	1.4174664536914325	*
|award|award_winning_work:|m|04j13sx	|award|award_category:|m|0gqy2	-0.9639516616795373	

|award|award_winning_work:|m|0dsvzh	|award|award_category:|m|0f4x7	-0.7662574577766604	

|award|award_winning_work:|m|0p_sc	|award|award_category:|m|0l8z1	3.7550215393241007	*
|award|award_winning_work:|m|0p_sc	|award|award_category:|m|0gr4k	3.6022360965591362	*

|award|award_winning_work:|m|011yd2	|award|award_category:|m|0k611	1.4298078790074302	*

|award|award_winning_work:|m|0cbv4g	|award|award_category:|m|05b4l5x	0.16482907132018365	

|award|award_winning_work:|m|09m6kg	|award|award_category:|m|02ppm4q	4.8320890688986715	*
|award|award_winning_work:|m|09m6kg	|award|award_category:|m|04kxsb	3.975116199225511	*

|award|award_winning_work:|m|07cyl	|award|award_category:|m|09d28z	5.19913263388006	*
|award|award_winning_work:|m|07cyl	|award|award_category:|m|09cn0c	4.187070047683785	*
|award|award_winning_work:|m|07cyl	|award|award_category:|m|0gq9h	2.271149946592741	
|award|award_winning_work:|m|07cyl	|award|award_category:|m|094qd5	1.000411166101704	*

|award|award_winning_work:|m|0dzz6g	|award|award_category:|m|09cn0c	3.433450149032918	*
|award|award_winning_work:|m|0dzz6g	|award|award_category:|m|099cng	-0.09109179678968127	

|award|award_winning_work:|m|02wk7b	|award|award_category:|m|02wkmx	4.001077127627832	*
|award|award_winning_work:|m|02wk7b	|award|award_category:|m|02y_j8g	3.8680463521989754	*

|award|award_winning_work:|m|05jzt3	|award|award_category:|m|02wkmx	-0.2483014215764744	

|award|award_winning_work:|m|0c8qq	|award|award_category:|m|0f4x7	1.3102613647490282	
|award|award_winning_work:|m|0c8qq	|award|award_category:|m|02ppm4q	-3.1897061259689643	

|award|award_winning_work:|m|0bdjd	|award|award_category:|m|0f4x7	1.577031990378915	*
|award|award_winning_work:|m|0bdjd	|award|award_category:|m|05zvq6g	1.039510080118529	
|award|award_winning_work:|m|0bdjd	|award|award_category:|m|0gs96	-2.0313992208090754	

|award|award_winning_work:|m|0ktx_	|award|award_category:|m|0gr4k	0.9106882541563769	*
|award|award_winning_work:|m|0ktx_	|award|award_category:|m|0gqy2	0.5186894268187983	*
|award|award_winning_work:|m|0ktx_	|award|award_category:|m|02ppm4q	0.3166875622163242	

|award|award_winning_work:|m|0bcndz	|award|award_category:|m|0f4x7	3.8400184486135016	*
|award|award_winning_work:|m|0bcndz	|award|award_category:|m|0gq_v	2.7473191416880445	*
|award|award_winning_work:|m|0bcndz	|award|award_category:|m|018wdw	-0.06641341424937938	

|award|award_winning_work:|m|0cqnss	|award|award_category:|m|0gqxm	0.11409984578299529	

|award|award_winning_work:|m|01mgw	|award|award_category:|m|02x4wr9	4.652675338315024	*
|award|award_winning_work:|m|01mgw	|award|award_category:|m|03qgjwc	4.270937605252149	*
|award|award_winning_work:|m|01mgw	|award|award_category:|m|05ztrmj	2.8273117389129476	*
|award|award_winning_work:|m|01mgw	|award|award_category:|m|0k611	2.1423393750970186	
|award|award_winning_work:|m|01mgw	|award|award_category:|m|0gq9h	-1.285338796538012	

|award|award_winning_work:|m|0294zg	|award|award_category:|m|0gqyl	0.9051207947062878	

|award|award_winning_work:|m|011ycb	|award|award_category:|m|02pqp12	0.4834740772674828	
|award|award_winning_work:|m|011ycb	|award|award_category:|m|054krc	0.07358582375231038	

|award|award_winning_work:|m|030k94	|award|award_category:|m|0m7yy	2.6052592586016794	*

|award|award_winning_work:|m|017gl1	|award|award_category:|m|0gr42	5.474126873091212	*
|award|award_winning_work:|m|017gl1	|award|award_category:|m|0gr0m	2.318812741901354	*
|award|award_winning_work:|m|017gl1	|award|award_category:|m|0gq9h	1.7273052846343868	
|award|award_winning_work:|m|017gl1	|award|award_category:|m|0gs9p	1.6279533947493061	
|award|award_winning_work:|m|017gl1	|award|award_category:|m|0262s1	0.9542676173402755	*
|award|award_winning_work:|m|017gl1	|award|award_category:|m|0gqwc	-1.9737057020710964	

|award|award_winning_work:|m|0jqn5	|award|award_category:|m|02r22gf	1.876803624219771	
|award|award_winning_work:|m|0jqn5	|award|award_category:|m|0gr4k	-0.7768567834466599	

|award|award_winning_work:|m|0c5qvw	|award|award_category:|m|0gqyl	1.2868996599818687	*

|award|award_winning_work:|m|017f3m	|award|award_category:|m|07bdd_	-1.5402370972440977	

|award|award_winning_work:|m|0p_qr	|award|award_category:|m|03nqnk3	-1.0729933838378143	

|award|award_winning_work:|m|01gvsn	|award|award_category:|m|02z1nbg	0.406203659211158	
|award|award_winning_work:|m|01gvsn	|award|award_category:|m|0gqzz	-0.4085878028777904	

|award|award_winning_work:|m|05sy0cv	|award|award_category:|m|07bdd_	2.9767259442664336	
|award|award_winning_work:|m|05sy0cv	|award|award_category:|m|0bdw6t	-0.0316104706922084	
|award|award_winning_work:|m|05sy0cv	|award|award_category:|m|09d28z	-0.44192434201213715	
|award|award_winning_work:|m|05sy0cv	|award|award_category:|m|0gr4k	-1.032306261217608	

|award|award_winning_work:|m|07xvf	|award|award_category:|m|02r22gf	-1.9597290265627962	

|award|award_winning_work:|m|012s1d	|award|award_category:|m|04kxsb	-0.6955843261400623	

|award|award_winning_work:|m|0124k9	|award|award_category:|m|0f4x7	-1.3961381293192812	

|award|award_winning_work:|m|0kvf3b	|award|award_category:|m|02g2yr	-0.30329238591522956	

|award|award_winning_work:|m|0kt_4	|award|award_category:|m|0gs96	0.011407325702755045	*

|award|award_winning_work:|m|0bmhn	|award|award_category:|m|0gs9p	3.742012262176158	*
|award|award_winning_work:|m|0bmhn	|award|award_category:|m|0k611	0.8276876236398696	*
|award|award_winning_work:|m|0bmhn	|award|award_category:|m|0f4x7	0.28180540065694565	*

|award|award_winning_work:|m|02d478	|award|award_category:|m|0k611	0.34501331112455896	

|award|award_winning_work:|m|02czd5	|award|award_category:|m|0p9sw	-1.7392508673744773	

|award|award_winning_work:|m|02rv_dz	|award|award_category:|m|0gr51	3.01904305096059	*
|award|award_winning_work:|m|02rv_dz	|award|award_category:|m|03qgjwc	0.4130963595494632	
|award|award_winning_work:|m|02rv_dz	|award|award_category:|m|0gs9p	-0.9783716072136597	

|award|award_winning_work:|m|039fgy	|award|award_category:|m|0m7yy	3.8544918854008423	*
|award|award_winning_work:|m|039fgy	|award|award_category:|m|0fbtbt	3.2879921054982395	*

|award|award_winning_work:|m|08zrbl	|award|award_category:|m|0gr0m	3.604105765064733	*
|award|award_winning_work:|m|08zrbl	|award|award_category:|m|019f4v	0.2220417753676493	

|award|award_winning_work:|m|03prz_	|award|award_category:|m|09d28z	0.28796474868387173	

|award|award_winning_work:|m|02vxq9m	|award|award_category:|m|02qvyrt	0.9992985267357013	*

|award|award_winning_work:|m|02rcdc2	|award|award_category:|m|0gqwc	-0.3442369423380133	

|award|award_winning_work:|m|03ln8b	|award|award_category:|m|02f764	0.28163234140551296	

|award|award_winning_work:|m|01b_lz	|award|award_category:|m|0gs9p	-3.6014571075336876	

|award|award_winning_work:|m|07024	|award|award_category:|m|0gr0m	2.0241362563922913	*
|award|award_winning_work:|m|07024	|award|award_category:|m|0gq_v	0.0028336369670343142	
|award|award_winning_work:|m|07024	|award|award_category:|m|099cng	-1.1082456085787844	

|award|award_winning_work:|m|02w9k1c	|award|award_category:|m|0gs96	2.476998392486615	*
|award|award_winning_work:|m|02w9k1c	|award|award_category:|m|02ppm4q	-2.6359324618933053	

|award|award_winning_work:|m|016ywb	|award|award_category:|m|0gs96	1.98267331669323	*

|award|award_winning_work:|m|01k0vq	|award|award_category:|m|05pcn59	3.5106634154225436	*

|award|award_winning_work:|m|015gm8	|award|award_category:|m|0gr0m	5.0110011394448755	*
|award|award_winning_work:|m|015gm8	|award|award_category:|m|0gqy2	4.986978382023729	*

|award|award_winning_work:|m|0gzy02	|award|award_category:|m|0p9sw	-0.406050934457668	

|award|award_winning_work:|m|083skw	|award|award_category:|m|0gr0m	4.200432318927058	*

|award|award_winning_work:|m|01vfqh	|award|award_category:|m|027b9k6	4.169776712027171	*
|award|award_winning_work:|m|01vfqh	|award|award_category:|m|04dn09n	2.8993926127673	

|award|award_winning_work:|m|013q0p	|award|award_category:|m|057xs89	2.9203793071471624	*

|award|award_winning_work:|m|0sxkh	|award|award_category:|m|01ck6h	-1.305475423601209	

|award|award_winning_work:|m|011yg9	|award|award_category:|m|02ppm4q	3.3798473913153004	*

|award|award_winning_work:|m|08720	|award|award_category:|m|063y_ky	0.6181212011861343	

|award|award_winning_work:|m|09sr0	|award|award_category:|m|0k611	2.8069373763537877	*

|award|award_winning_work:|m|0m123	|award|award_category:|m|0fbtbt	0.19792500426255882	*

|award|award_winning_work:|m|0hmm7	|award|award_category:|m|094qd5	-0.07963957462611822	

|award|award_winning_work:|m|01cmp9	|award|award_category:|m|0gq9h	5.397041049854083	*
|award|award_winning_work:|m|01cmp9	|award|award_category:|m|0gr51	-0.12771008228096717	
|award|award_winning_work:|m|01cmp9	|award|award_category:|m|019f4v	-0.9890760768901987	

|award|award_winning_work:|m|01l_pn	|award|award_category:|m|0bsjcw	-0.31241412967107896	

|award|award_winning_work:|m|0cq8nx	|award|award_category:|m|0gr4k	1.0409363277008006	*

|award|award_winning_work:|m|0pc62	|award|award_category:|m|0gr0m	-1.3775903396561637	
|award|award_winning_work:|m|0pc62	|award|award_category:|m|0k611	-1.4790179287571146	

|award|award_winning_work:|m|07tj4c	|award|award_category:|m|054ky1	-2.0332812578495396	

|award|award_winning_work:|m|07cw4	|award|award_category:|m|02qvyrt	2.6543155609102342	*
|award|award_winning_work:|m|07cw4	|award|award_category:|m|02v1m7	-0.463142432957538	

|award|award_winning_work:|m|09cr8	|award|award_category:|m|09d28z	4.81612840793268	*
|award|award_winning_work:|m|09cr8	|award|award_category:|m|0gqy2	4.427675674754031	*
|award|award_winning_work:|m|09cr8	|award|award_category:|m|040njc	1.519166862628559	
|award|award_winning_work:|m|09cr8	|award|award_category:|m|094qd5	-0.2748611260407221	

|award|award_winning_work:|m|0yyg4	|award|award_category:|m|0bb57s	-1.5898326632605473	

|award|award_winning_work:|m|0bj25	|award|award_category:|m|0gqy2	2.9893111290892134	
|award|award_winning_work:|m|0bj25	|award|award_category:|m|0262s1	1.3605292773982982	
|award|award_winning_work:|m|0bj25	|award|award_category:|m|02x4sn8	0.3319969956122084	
|award|award_winning_work:|m|0bj25	|award|award_category:|m|04dn09n	-0.19007599633265304	*

|award|award_winning_work:|m|04cj79	|award|award_category:|m|04dn09n	-1.4684918921972585	

|award|award_winning_work:|m|06rhz7	|award|award_category:|m|05pcn59	2.3936278591508744	
|award|award_winning_work:|m|06rhz7	|award|award_category:|m|0gr42	-1.0763175541006302	

|award|award_winning_work:|m|0gpjbt	|award|award_category:|m|0cjyzs	-0.895161722955413	

|award|award_winning_work:|m|0_9wr	|award|award_category:|m|0gs9p	-1.4994432991368334	

|award|award_winning_work:|m|0pd4f	|award|award_category:|m|0l8z1	0.9168386396353876	

|award|award_winning_work:|m|05hjnw	|award|award_category:|m|0gr4k	4.835851440891583	*
|award|award_winning_work:|m|05hjnw	|award|award_category:|m|019f4v	2.954223905216372	*
|award|award_winning_work:|m|05hjnw	|award|award_category:|m|040njc	1.9862466620727146	*
|award|award_winning_work:|m|05hjnw	|award|award_category:|m|0f4x7	-0.7990539881688993	
|award|award_winning_work:|m|05hjnw	|award|award_category:|m|063y_ky	-0.8797007076557846	

|award|award_winning_work:|m|0cs134	|award|award_category:|m|0bdw6t	-1.117287066885002	

|award|award_winning_work:|m|0cw3yd	|award|award_category:|m|099cng	4.567547768320667	*

|award|award_winning_work:|m|0b005	|award|award_category:|m|0m7yy	3.1767771766860804	*

|award|award_winning_work:|m|0bt3j9	|award|award_category:|m|0gq9h	-1.2894297632492315	

|award|award_winning_work:|m|0cvkv5	|award|award_category:|m|094qd5	0.6187350488329799	

|award|award_winning_work:|m|04nnpw	|award|award_category:|m|04dn09n	-1.094324755431367	
|award|award_winning_work:|m|04nnpw	|award|award_category:|m|0p9sw	-1.927719417946185	

|award|award_winning_work:|m|0k419	|award|award_category:|m|0czp_	-0.4676454538598783	*
|award|award_winning_work:|m|0k419	|award|award_category:|m|063y_ky	-0.7718621892409399	

|award|award_winning_work:|m|077q8x	|award|award_category:|m|02z13jg	1.9490005602827387	*

|award|award_winning_work:|m|01qvz8	|award|award_category:|m|07bdd_	3.960458428994752	*

|award|award_winning_work:|m|07h9gp	|award|award_category:|m|05b4l5x	-0.27421743105372753	*
|award|award_winning_work:|m|07h9gp	|award|award_category:|m|0gqwc	-0.5938454371091693	

|award|award_winning_work:|m|0cq86w	|award|award_category:|m|0l8z1	2.290534362533857	

|award|award_winning_work:|m|0hv1t	|award|award_category:|m|02wkmx	2.7199981040907284	*
|award|award_winning_work:|m|0hv1t	|award|award_category:|m|094qd5	1.0077236562804535	
|award|award_winning_work:|m|0hv1t	|award|award_category:|m|0gr4k	0.36557988662535795	
|award|award_winning_work:|m|0hv1t	|award|award_category:|m|0k611	0.055855962698715955	*

|award|award_winning_work:|m|05_z42	|award|award_category:|m|0m7yy	-2.9959959517787	*

|award|award_winning_work:|m|04glx0	|award|award_category:|m|0gq9h	-1.625065063465445	

|award|award_winning_work:|m|0kxf1	|award|award_category:|m|040njc	0.8498020491785956	

|award|award_winning_work:|m|05nlx4	|award|award_category:|m|05zvj3m	2.8208492555931253	*

|award|award_winning_work:|m|02q_ncg	|award|award_category:|m|0gr4k	3.778331743754774	*

|award|award_winning_work:|m|0bkq7	|award|award_category:|m|0gq9h	4.008405605465152	*

|award|award_winning_work:|m|02zk08	|award|award_category:|m|02r22gf	4.179044235582705	*

|award|award_winning_work:|m|04b2qn	|award|award_category:|m|02x4w6g	2.2501627957586665	*
|award|award_winning_work:|m|04b2qn	|award|award_category:|m|02x4wr9	1.999489216971137	*

|award|award_winning_work:|m|0cbl95	|award|award_category:|m|0gq9h	4.878172048718815	*

|award|award_winning_work:|m|0hfzr	|award|award_category:|m|0gq9h	4.154314383983198	*
|award|award_winning_work:|m|0hfzr	|award|award_category:|m|0gs96	0.609504049119693	

|award|award_winning_work:|m|04qw17	|award|award_category:|m|094qd5	3.9269430697063528	*
|award|award_winning_work:|m|04qw17	|award|award_category:|m|0789r6	3.20435368495885	*
|award|award_winning_work:|m|04qw17	|award|award_category:|m|027b9k6	3.085983852360195	*
|award|award_winning_work:|m|04qw17	|award|award_category:|m|09cn0c	3.074033326427837	*

|award|award_winning_work:|m|07j8r	|award|award_category:|m|0gqy2	-2.1004414797305353	

|award|award_winning_work:|m|0bbm7r	|award|award_category:|m|0fbtbt	-1.7755423890721462	

|award|award_winning_work:|m|0pv2t	|award|award_category:|m|02ppm4q	1.3568561221159379	
|award|award_winning_work:|m|0pv2t	|award|award_category:|m|018wng	-0.3971363956495463	

|award|award_winning_work:|m|0m_q0	|award|award_category:|m|0p9sw	0.7470699865268415	*

|award|award_winning_work:|m|0bmpm	|award|award_category:|m|0gs9p	3.2477080296674985	
|award|award_winning_work:|m|0bmpm	|award|award_category:|m|018wdw	0.6606591824164438	
|award|award_winning_work:|m|0bmpm	|award|award_category:|m|0bm7fy	0.2508004846812295	

|award|award_winning_work:|m|02z0f6l	|award|award_category:|m|0gs96	4.486302212946544	*

|award|award_winning_work:|m|08nvyr	|award|award_category:|m|02wwsh8	1.1932407197455386	

|award|award_winning_work:|m|02_sr1	|award|award_category:|m|05ztrmj	3.5223835779818975	*

|award|award_winning_work:|m|06929s	|award|award_category:|m|02nhxf	-0.24762673391189738	

|award|award_winning_work:|m|04gcyg	|award|award_category:|m|03nqnk3	-0.8941072773741513	

|award|award_winning_work:|m|0m63c	|award|award_category:|m|054krc	4.910341759591514	*

|award|award_winning_work:|m|0dr_4	|award|award_category:|m|040njc	-1.5084774650737633	

|award|award_winning_work:|m|04v8x9	|award|award_category:|m|0gs96	1.0779104376754836	*
|award|award_winning_work:|m|04v8x9	|award|award_category:|m|0f4x7	1.0108179299428235	*
|award|award_winning_work:|m|04v8x9	|award|award_category:|m|04dn09n	0.4734480579406466	

|award|award_winning_work:|m|017jd9	|award|award_category:|m|0gr42	5.551667459487003	*
|award|award_winning_work:|m|017jd9	|award|award_category:|m|0gr4k	5.418353760113158	
|award|award_winning_work:|m|017jd9	|award|award_category:|m|0gs96	5.33143722760215	*
|award|award_winning_work:|m|017jd9	|award|award_category:|m|040njc	4.3741005652668745	*
|award|award_winning_work:|m|017jd9	|award|award_category:|m|027s4dn	-0.463988606722057	
|award|award_winning_work:|m|017jd9	|award|award_category:|m|01lk0l	-1.140359022449223	
|award|award_winning_work:|m|017jd9	|award|award_category:|m|024dzn	-1.8901893121677227	

|award|award_winning_work:|m|01fs__	|award|award_category:|m|0m7yy	0.36150822598163257	*
|award|award_winning_work:|m|01fs__	|award|award_category:|m|05zvj3m	0.08921497852195145	

|award|award_winning_work:|m|0yzvw	|award|award_category:|m|0gqy2	-0.31668779629336896	
|award|award_winning_work:|m|0yzvw	|award|award_category:|m|054ky1	-1.725505924240642	
|award|award_winning_work:|m|0yzvw	|award|award_category:|m|027dtxw	-2.8073261688416373	*

|award|award_winning_work:|m|0dl9_4	|award|award_category:|m|02qvyrt	0.016505901898471897	

|award|award_winning_work:|m|0qmfk	|award|award_category:|m|0gr0m	0.011407325702755045	*

|award|award_winning_work:|m|084302	|award|award_category:|m|02x4wr9	2.9171115277475685	

|award|award_winning_work:|m|029k4p	|award|award_category:|m|01c9dd	-0.2031103106007066	

|award|award_winning_work:|m|0209xj	|award|award_category:|m|04dn09n	2.930675108852472	*

|award|award_winning_work:|m|09p4w8	|award|award_category:|m|02x4w6g	-0.3830870345182733	

|award|award_winning_work:|m|095zlp	|award|award_category:|m|0gqwc	4.956518206804015	*

|award|award_winning_work:|m|0bs4r	|award|award_category:|m|0gs9p	1.5334782292018443	*
|award|award_winning_work:|m|0bs4r	|award|award_category:|m|0gq_v	1.0600927908350308	

|award|award_winning_work:|m|0k5px	|award|award_category:|m|0p9sw	0.9721902085523312	*

|award|award_winning_work:|m|044g_k	|award|award_category:|m|02g3ft	2.5087737964118295	*

|award|award_winning_work:|m|0pv54	|award|award_category:|m|0789r6	2.7059351580520032	*

|award|award_winning_work:|m|02q52q	|award|award_category:|m|0l8z1	4.704752761763954	*
|award|award_winning_work:|m|02q52q	|award|award_category:|m|0gqz2	0.2213943936921935	*

|award|award_winning_work:|m|02gd6x	|award|award_category:|m|054knh	1.7617448710228776	*
|award|award_winning_work:|m|02gd6x	|award|award_category:|m|03nqnk3	1.2334912080146365	
|award|award_winning_work:|m|02gd6x	|award|award_category:|m|018wng	0.07737127413470318	
|award|award_winning_work:|m|02gd6x	|award|award_category:|m|099jhq	-1.7355846685564111	

|award|award_winning_work:|m|0cf08	|award|award_category:|m|0k611	3.262011353374219	*

|award|award_winning_work:|m|0bcp9b	|award|award_category:|m|09cn0c	0.9998651305681894	*
|award|award_winning_work:|m|0bcp9b	|award|award_category:|m|02z1nbg	0.7903573985975021	*
|award|award_winning_work:|m|0bcp9b	|award|award_category:|m|04dn09n	-2.6208680708251166	

|award|award_winning_work:|m|0f4vx	|award|award_category:|m|02z1nbg	-1.930050411736675	

|award|award_winning_work:|m|02ppg1r	|award|award_category:|m|0bfvw2	4.194786597117002	*

|award|award_winning_work:|m|0bth54	|award|award_category:|m|019f4v	5.208242340972247	*
|award|award_winning_work:|m|0bth54	|award|award_category:|m|0gq9h	1.8156976141797632	

|award|award_winning_work:|m|0_92w	|award|award_category:|m|040njc	-1.8485258628233545	

|award|award_winning_work:|m|02c638	|award|award_category:|m|058bzgm	0.09355010750289267	
|award|award_winning_work:|m|02c638	|award|award_category:|m|0gr51	-2.3208026741875143	

|award|award_winning_work:|m|0sxmx	|award|award_category:|m|019f4v	3.200435929307158	*
|award|award_winning_work:|m|0sxmx	|award|award_category:|m|0l8z1	2.178603649870616	
|award|award_winning_work:|m|0sxmx	|award|award_category:|m|02x4w6g	0.7596417625362633	
|award|award_winning_work:|m|0sxmx	|award|award_category:|m|02pqp12	0.538109762991041	*

|award|award_winning_work:|m|0cq806	|award|award_category:|m|0gs9p	0.6666378620571969	*

|award|award_winning_work:|m|0ft18	|award|award_category:|m|0gq9h	3.7785294360038524	*

|award|award_winning_work:|m|06cm5	|award|award_category:|m|0789r6	3.0828877497688327	

|award|award_winning_work:|m|0416y94	|award|award_category:|m|0gqwc	0.33572561001144974	

|award|award_winning_work:|m|02rn00y	|award|award_category:|m|0drtkx	2.145074759213912	*

|award|award_winning_work:|m|0221zw	|award|award_category:|m|02wkmx	3.4062122047312062	*
|award|award_winning_work:|m|0221zw	|award|award_category:|m|0gq_v	0.9086723387891104	
|award|award_winning_work:|m|0221zw	|award|award_category:|m|02z13jg	0.1700472374958606	*

|award|award_winning_work:|m|07g1sm	|award|award_category:|m|02f6ym	-0.47580381282901324	

|award|award_winning_work:|m|0jzw	|award|award_category:|m|0gq9h	2.8320861113656255	
|award|award_winning_work:|m|0jzw	|award|award_category:|m|0gs9p	2.3191348360585957	
|award|award_winning_work:|m|0jzw	|award|award_category:|m|0gq_v	0.33660723773043505	

|award|award_winning_work:|m|0y_pg	|award|award_category:|m|02ppm4q	4.364412991513333	*

|award|award_winning_work:|m|0bt4g	|award|award_category:|m|0gs9p	2.278446579284802	
|award|award_winning_work:|m|0bt4g	|award|award_category:|m|0gr4k	-1.4700333287582867	

|award|award_winning_work:|m|0hv8w	|award|award_category:|m|0k611	-0.48919535705390405	

|award|award_winning_work:|m|011yxg	|award|award_category:|m|02wkmx	1.6573128952558887	

|award|award_winning_work:|m|0cq7tx	|award|award_category:|m|0gqyl	0.5366113552959484	

|award|award_winning_work:|m|0dtfn	|award|award_category:|m|0262s1	3.9729869931546085	*
|award|award_winning_work:|m|0dtfn	|award|award_category:|m|02g3ft	2.299373668073338	*

|award|award_winning_work:|m|01m13b	|award|award_category:|m|02y_j8g	1.6130579812503605	*
|award|award_winning_work:|m|01m13b	|award|award_category:|m|02wkmx	0.21594925929618447	*

|award|award_winning_work:|m|0yx1m	|award|award_category:|m|09d28z	3.0705725217837117	*
|award|award_winning_work:|m|0yx1m	|award|award_category:|m|02x4w6g	-0.39040574472252876	

|award|award_winning_work:|m|01cssf	|award|award_category:|m|0gqy2	0.10452315725529226	
|award|award_winning_work:|m|01cssf	|award|award_category:|m|0gr0m	-0.3309532976442106	

|award|award_winning_work:|m|02y_lrp	|award|award_category:|m|07bdd_	3.7879945892736395	*

|award|award_winning_work:|m|016tvq	|award|award_category:|m|0m7yy	4.114352098906006	*
|award|award_winning_work:|m|016tvq	|award|award_category:|m|0789_m	-2.349325611807642	

|award|award_winning_work:|m|01znj1	|award|award_category:|m|0gqy2	-0.5702405671036859	

|award|award_winning_work:|m|0m313	|award|award_category:|m|0gr51	4.36557758675238	*
|award|award_winning_work:|m|0m313	|award|award_category:|m|04dn09n	4.2578650943069976	*
|award|award_winning_work:|m|0m313	|award|award_category:|m|0gqwc	3.0466670678672494	
|award|award_winning_work:|m|0m313	|award|award_category:|m|0gq_v	1.6263726433980523	*
|award|award_winning_work:|m|0m313	|award|award_category:|m|02y_j8g	1.330874658400669	

|award|award_winning_work:|m|0k20s	|award|award_category:|m|02wwsh8	-1.302855644423183	*
|award|award_winning_work:|m|0k20s	|award|award_category:|m|01l78d	-1.5307243576973706	

|award|award_winning_work:|m|0170xl	|award|award_category:|m|0gr4k	4.555313544246006	*
|award|award_winning_work:|m|0170xl	|award|award_category:|m|03qgjwc	3.7978053689690343	*

|award|award_winning_work:|m|02wgk1	|award|award_category:|m|054knh	-2.509230938912807	

|award|award_winning_work:|m|0k4f3	|award|award_category:|m|02x8n1n	-0.04179955051633506	
|award|award_winning_work:|m|0k4f3	|award|award_category:|m|0gqyl	-0.4896276548955447	

|award|award_winning_work:|m|03rz2b	|award|award_category:|m|0789r6	3.397778232727797	*

|award|award_winning_work:|m|074rg9	|award|award_category:|m|03c7tr1	-1.1164794829085538	*

|award|award_winning_work:|m|0hx4y	|award|award_category:|m|02g3ft	4.345941974446349	*

|award|award_winning_work:|m|067ghz	|award|award_category:|m|02g3ft	3.0320874747970104	*
|award|award_winning_work:|m|067ghz	|award|award_category:|m|02r22gf	0.1955499079340639	*

|award|award_winning_work:|m|0k4kk	|award|award_category:|m|0gr42	1.2871520967058552	*

|award|award_winning_work:|m|020fcn	|award|award_category:|m|02r22gf	1.2675620862118433	*

|award|award_winning_work:|m|0dr3sl	|award|award_category:|m|0gqzz	1.0270465353689167	*

|award|award_winning_work:|m|0jnwx	|award|award_category:|m|02r22gf	1.1604869477071489	
|award|award_winning_work:|m|0jnwx	|award|award_category:|m|05zvj3m	-0.17394119971856428	*

|award|award_winning_work:|m|015whm	|award|award_category:|m|0gqy2	0.7210869101728864	*

|award|award_winning_work:|m|04lhc4	|award|award_category:|m|027b9k6	2.967355166187098	*

|award|award_winning_work:|m|0hv4t	|award|award_category:|m|0gq9h	0.5896355659414951	

|award|award_winning_work:|m|0mcl0	|award|award_category:|m|0gq9h	5.047853304616785	*
|award|award_winning_work:|m|0mcl0	|award|award_category:|m|0f4x7	-1.5019664152015724	

|award|award_winning_work:|m|0yzbg	|award|award_category:|m|01l78d	-0.8180260883505902	

|award|award_winning_work:|m|0dx8gj	|award|award_category:|m|0789r6	3.054797418619359	*
|award|award_winning_work:|m|0dx8gj	|award|award_category:|m|04kxsb	1.3797654891440359	

|award|award_winning_work:|m|09p3_s	|award|award_category:|m|0gq_v	0.6240495498363994	
|award|award_winning_work:|m|09p3_s	|award|award_category:|m|09cn0c	0.5594513477964238	*

|award|award_winning_work:|m|02_kd	|award|award_category:|m|02pqp12	0.823181858285077	*

|award|award_winning_work:|m|0d_wms	|award|award_category:|m|0gqxm	-0.30438514983329173	

|award|award_winning_work:|m|02rzdcp	|award|award_category:|m|02_3zj	1.5786433258273502	*

|award|award_winning_work:|m|0yxm1	|award|award_category:|m|0gqwc	1.156856844719005	*
|award|award_winning_work:|m|0yxm1	|award|award_category:|m|0gs96	-0.9199323325766244	

|award|award_winning_work:|m|05_61y	|award|award_category:|m|0gs96	-0.0759105265205739	

|award|award_winning_work:|m|03y0pn	|award|award_category:|m|0gr42	2.0485235200254626	*

|award|award_winning_work:|m|034xyf	|award|award_category:|m|0l8z1	2.154992661520164	*

|award|award_winning_work:|m|0ccd3x	|award|award_category:|m|0gqyl	4.157127296830476	*

|award|award_winning_work:|m|02dr9j	|award|award_category:|m|054krc	1.495017510680296	

|award|award_winning_work:|m|02ptczs	|award|award_category:|m|027dtxw	0.8567408695024914	

|award|award_winning_work:|m|02k_4g	|award|award_category:|m|0fbtbt	5.39660316522039	*

|award|award_winning_work:|m|0hz55	|award|award_category:|m|099c8n	-2.227688271031729	

|award|award_winning_work:|m|0jsf6	|award|award_category:|m|0gq_v	1.675614870693315	*

|award|award_winning_work:|m|047wh1	|award|award_category:|m|05b4l5x	0.6533400106759218	*

|award|award_winning_work:|m|07cdz	|award|award_category:|m|0gq_v	3.424091939334936	
|award|award_winning_work:|m|07cdz	|award|award_category:|m|040njc	0.8221174997461778	*
|award|award_winning_work:|m|07cdz	|award|award_category:|m|094qd5	-0.44096136828540505	

|award|award_winning_work:|m|0_7w6	|award|award_category:|m|02x8n1n	0.10435620255045186	

|award|award_winning_work:|m|07c72	|award|award_category:|m|0m7yy	1.755457209423083	*

|award|award_winning_work:|m|0yyts	|award|award_category:|m|0gqxm	3.6584723533886194	*
|award|award_winning_work:|m|0yyts	|award|award_category:|m|02y_j8g	0.8692689611198023	
|award|award_winning_work:|m|0yyts	|award|award_category:|m|0f4x7	-1.0468784143298755	
|award|award_winning_work:|m|0yyts	|award|award_category:|m|02x4x18	-1.2817636512928814	

|award|award_winning_work:|m|015ppk	|award|award_category:|m|0m7yy	4.454076893134571	*
|award|award_winning_work:|m|015ppk	|award|award_category:|m|0cjyzs	-0.6402470929418556	

|award|award_winning_work:|m|02d413	|award|award_category:|m|0f4x7	2.0345564020873588	*

|award|award_winning_work:|m|0kvgxk	|award|award_category:|m|026mml	-1.7857053084732664	
|award|award_winning_work:|m|0kvgxk	|award|award_category:|m|0gr42	-2.370372502239596	

|award|award_winning_work:|m|0c0zq	|award|award_category:|m|0gr51	5.12334015253626	*
|award|award_winning_work:|m|0c0zq	|award|award_category:|m|0gs9p	5.041738827101778	*
|award|award_winning_work:|m|0c0zq	|award|award_category:|m|027b9k6	4.493799054483347	*
|award|award_winning_work:|m|0c0zq	|award|award_category:|m|02qvyrt	4.259540036901951	*
|award|award_winning_work:|m|0c0zq	|award|award_category:|m|019f4v	2.6900927252684843	*

|award|award_winning_work:|m|048htn	|award|award_category:|m|09cn0c	3.1493062412933264	*

|award|award_winning_work:|m|0hv27	|award|award_category:|m|02py7pj	-1.1816376798646002	

|award|award_winning_work:|m|01vnbh	|award|award_category:|m|019f4v	-0.24626447761799763	

|award|award_winning_work:|m|04xbq3	|award|award_category:|m|0m7yy	1.7732077738736816	*

|award|award_winning_work:|m|0qmhk	|award|award_category:|m|02wkmx	4.047007110745767	*

|award|award_winning_work:|m|01jzyf	|award|award_category:|m|02wypbh	2.565317388500242	*

|award|award_winning_work:|m|01h1bf	|award|award_category:|m|0m7yy	3.3371759567504196	*
|award|award_winning_work:|m|01h1bf	|award|award_category:|m|03c7tr1	-0.943127315860417	
|award|award_winning_work:|m|01h1bf	|award|award_category:|m|0k611	-1.2114492453897021	

|award|award_winning_work:|m|0h7t36	|award|award_category:|m|027b9k6	-0.04452016557476493	
|award|award_winning_work:|m|0h7t36	|award|award_category:|m|02pqp12	-0.28872315169321827	

|award|award_winning_work:|m|01b66d	|award|award_category:|m|0bb57s	-0.5848226875118354	

|award|award_winning_work:|m|01chpn	|award|award_category:|m|02n9nmz	0.6098750915209228	*

|award|award_winning_work:|m|09tkzy	|award|award_category:|m|0gr4k	5.537059104536935	*
|award|award_winning_work:|m|09tkzy	|award|award_category:|m|094qd5	5.134971540961017	
|award|award_winning_work:|m|09tkzy	|award|award_category:|m|0gq_v	2.200394360708494	*
|award|award_winning_work:|m|09tkzy	|award|award_category:|m|0gs96	2.176180037997169	*

|award|award_winning_work:|m|02p76f9	|award|award_category:|m|063y_ky	3.540068406831596	*

|award|award_winning_work:|m|0bl5c	|award|award_category:|m|0k611	1.2616184146240528	*

|award|award_winning_work:|m|05jf85	|award|award_category:|m|040njc	4.497808126177312	*
|award|award_winning_work:|m|05jf85	|award|award_category:|m|04dn09n	1.3374400431372149	*

|award|award_winning_work:|m|026y3cf	|award|award_category:|m|0gs96	-0.4418806678408637	

|award|award_winning_work:|m|08vd2q	|award|award_category:|m|02pqp12	4.117993530948382	*

|award|award_winning_work:|m|02qmsr	|award|award_category:|m|02pqp12	0.08850911027767194	

|award|award_winning_work:|m|093l8p	|award|award_category:|m|02z1nbg	3.5879789287345982	*

|award|award_winning_work:|m|01flv_	|award|award_category:|m|094qd5	0.8649871094963256	

|award|award_winning_work:|m|019kyn	|award|award_category:|m|0gqz2	4.628520510272404	*

|award|award_winning_work:|m|0462hhb	|award|award_category:|m|09cn0c	0.13783513735648267	

|award|award_winning_work:|m|0g9lm2	|award|award_category:|m|040njc	4.686664606636118	*
|award|award_winning_work:|m|0g9lm2	|award|award_category:|m|0789r6	1.4179358136664941	
|award|award_winning_work:|m|0g9lm2	|award|award_category:|m|05zvj3m	-1.016301936751076	

|award|award_winning_work:|m|02v570	|award|award_category:|m|02wkmx	2.3690948379812555	*
|award|award_winning_work:|m|02v570	|award|award_category:|m|05b4l5x	2.1835509146599543	*

|award|award_winning_work:|m|0qf2t	|award|award_category:|m|0k611	-1.2901987730492206	
|award|award_winning_work:|m|0qf2t	|award|award_category:|m|057xs89	-2.2870478783897847	

|award|award_winning_work:|m|05znxx	|award|award_category:|m|02r22gf	0.07153108671625974	*

|award|award_winning_work:|m|01xvjb	|award|award_category:|m|02g2yr	2.9203793071471624	*

|award|award_winning_work:|m|011yrp	|award|award_category:|m|0gqwc	1.7912554517687969	

|award|award_winning_work:|m|04vr_f	|award|award_category:|m|057xs89	2.9034136894620795	*

|award|award_winning_work:|m|08ct6	|award|award_category:|m|0gr42	2.742617419598692	*
|award|award_winning_work:|m|08ct6	|award|award_category:|m|019f4v	0.2994871899532334	

|award|award_winning_work:|m|030cx	|award|award_category:|m|0cjyzs	1.9304151369131148	*

|award|award_winning_work:|m|0qmfz	|award|award_category:|m|02x4x18	-1.7473274266852519	

|award|award_winning_work:|m|0828jw	|award|award_category:|m|0m7yy	-1.0077066037410307	*

|award|award_winning_work:|m|0cq7kw	|award|award_category:|m|019f4v	3.4942555305330303	*

|award|award_winning_work:|m|06qwh	|award|award_category:|m|0p9sw	0.05651488051660858	

|award|award_winning_work:|m|0gt14	|award|award_category:|m|0czp_	0.7042060402111282	*

|award|award_winning_work:|m|092vkg	|award|award_category:|m|02x4w6g	5.091878168045976	*
|award|award_winning_work:|m|092vkg	|award|award_category:|m|0gqyl	2.2640395837279033	

|award|award_winning_work:|m|0bl1_	|award|award_category:|m|0gs9p	2.31750494333481	*
|award|award_winning_work:|m|0bl1_	|award|award_category:|m|02g3ft	1.0474232547732367	

|award|award_winning_work:|m|07k2mq	|award|award_category:|m|057xs89	-1.4222943239601276	

|award|award_winning_work:|m|0qm98	|award|award_category:|m|09d28z	4.335945876650165	*
|award|award_winning_work:|m|0qm98	|award|award_category:|m|02x4x18	0.8562102313798956	
|award|award_winning_work:|m|0qm98	|award|award_category:|m|0gqy2	0.28180540065694565	*

|award|award_winning_work:|m|0168ls	|award|award_category:|m|0f4x7	-0.15891318042831226	

|award|award_winning_work:|m|0f3m1	|award|award_category:|m|0p9sw	-1.8315074539308167	*

|award|award_winning_work:|m|035yn8	|award|award_category:|m|04dn09n	1.5142116849441016	*
|award|award_winning_work:|m|035yn8	|award|award_category:|m|0k611	-0.28024653269329297	

|award|award_winning_work:|m|07gp9	|award|award_category:|m|02r22gf	1.489844509941583	*

|award|award_winning_work:|m|0bykpk	|award|award_category:|m|0gqyl	2.0271980228270174	*

|award|award_winning_work:|m|0ddj0x	|award|award_category:|m|02x4sn8	0.5033633005979382	

|award|award_winning_work:|m|0296vv	|award|award_category:|m|05zvj3m	2.96084276079031	*

|award|award_winning_work:|m|02__34	|award|award_category:|m|0gr0m	2.1905091118578195	*

|award|award_winning_work:|m|0c9k8	|award|award_category:|m|02ppm4q	4.120540661488064	*
|award|award_winning_work:|m|0c9k8	|award|award_category:|m|0p9sw	-0.9979737261296494	

|award|award_winning_work:|m|02q5g1z	|award|award_category:|m|027b9k6	1.2381772368245954	*

|award|award_winning_work:|m|0y_9q	|award|award_category:|m|019f4v	4.484898653675544	
|award|award_winning_work:|m|0y_9q	|award|award_category:|m|0p9sw	2.847929281888088	*

|award|award_winning_work:|m|011yn5	|award|award_category:|m|0f4x7	4.283412962999283	*
|award|award_winning_work:|m|011yn5	|award|award_category:|m|054knh	0.49662186028114097	

|award|award_winning_work:|m|0sxgv	|award|award_category:|m|0p9sw	3.343975164649175	*

|award|award_winning_work:|m|0330r	|award|award_category:|m|0m7yy	-0.9248834185194565	*

|award|award_winning_work:|m|01k1k4	|award|award_category:|m|03c7tr1	-1.118246550811765	

|award|award_winning_work:|m|048vhl	|award|award_category:|m|01c427	0.1862024023874626	

|award|award_winning_work:|m|0bm2g	|award|award_category:|m|0gq9h	3.7906995770621523	*
|award|award_winning_work:|m|0bm2g	|award|award_category:|m|0gr51	0.5540433671283742	

|award|award_winning_work:|m|027rpym	|award|award_category:|m|0gr4k	0.5962300132145905	

|award|award_winning_work:|m|02yvct	|award|award_category:|m|0l8z1	-2.1425299991706663	

|award|award_winning_work:|m|011wtv	|award|award_category:|m|02g3ft	2.2877356890117175	*

|award|award_winning_work:|m|07xtqq	|award|award_category:|m|0gq9h	3.8500605227201126	*
|award|award_winning_work:|m|07xtqq	|award|award_category:|m|0f4x7	3.024157378082064	*
|award|award_winning_work:|m|07xtqq	|award|award_category:|m|0gs9p	0.6849353995025939	*
|award|award_winning_work:|m|07xtqq	|award|award_category:|m|01c427	-0.4428365970211141	

|award|award_winning_work:|m|0llcx	|award|award_category:|m|0k611	2.6379420230276858	*
|award|award_winning_work:|m|0llcx	|award|award_category:|m|0gq9h	-0.6274866944378139	

|award|award_winning_work:|m|07s846j	|award|award_category:|m|0gr4k	3.7607788715532546	*
|award|award_winning_work:|m|07s846j	|award|award_category:|m|04dn09n	3.33635277522562	*

|award|award_winning_work:|m|05y0cr	|award|award_category:|m|019f4v	0.7124408397289685	
|award|award_winning_work:|m|05y0cr	|award|award_category:|m|0k611	-0.8645819735412374	

|award|award_winning_work:|m|0f4yh	|award|award_category:|m|02g3ft	2.2158130666372173	*

|award|award_winning_work:|m|0_9l_	|award|award_category:|m|0gqwc	5.121367680265907	*
|award|award_winning_work:|m|0_9l_	|award|award_category:|m|0gq_v	3.041787752885387	

|award|award_winning_work:|m|0p_th	|award|award_category:|m|02r22gf	1.6715454467436723	
|award|award_winning_work:|m|0p_th	|award|award_category:|m|0gr42	0.694514875941495	
|award|award_winning_work:|m|0p_th	|award|award_category:|m|0gqyl	0.47290945911177407	*
|award|award_winning_work:|m|0p_th	|award|award_category:|m|0fbtbt	-2.116564881587883	

|award|award_winning_work:|m|04k9y6	|award|award_category:|m|0gqxm	2.481370911914424	*

|award|award_winning_work:|m|0jyx6	|award|award_category:|m|094qd5	0.8816406093931345	

|award|award_winning_work:|m|01jc6q	|award|award_category:|m|0p9sw	3.1518511356187866	*

|award|award_winning_work:|m|02r1c18	|award|award_category:|m|02z13jg	-2.7652540456804435	

|award|award_winning_work:|m|061681	|award|award_category:|m|0p9sw	2.5424532857606685	*

|award|award_winning_work:|m|01qxc7	|award|award_category:|m|0gqxm	5.147132126719196	*

|award|award_winning_work:|m|02r8hh_	|award|award_category:|m|03ybrwc	1.8943963582589718	*

|award|award_winning_work:|m|0dfw0	|award|award_category:|m|02qvyrt	2.0695137226186295	
|award|award_winning_work:|m|0dfw0	|award|award_category:|m|05ztrmj	-0.13400162937002139	*
|award|award_winning_work:|m|0dfw0	|award|award_category:|m|0bb57s	-0.26179845023230897	

|award|award_winning_work:|m|0h3k3f	|award|award_category:|m|02z1nbg	1.6734948501457483	*
|award|award_winning_work:|m|0h3k3f	|award|award_category:|m|0gr0m	1.1328456575388013	
|award|award_winning_work:|m|0h3k3f	|award|award_category:|m|02ppm4q	1.0183759476019631	

|award|award_winning_work:|m|01fwzk	|award|award_category:|m|0gqy2	2.196346665609189	*

|award|award_winning_work:|m|06kl78	|award|award_category:|m|02wwsh8	3.1767771766860804	*

|award|award_winning_work:|m|01j7mr	|award|award_category:|m|0p9sw	-1.3549396458745495	

|award|award_winning_work:|m|064lsn	|award|award_category:|m|09cn0c	1.107763791472721	

|award|award_winning_work:|m|042y1c	|award|award_category:|m|0gq9h	1.0521998199125178	*
|award|award_winning_work:|m|042y1c	|award|award_category:|m|02ppm4q	1.012559417787156	
|award|award_winning_work:|m|042y1c	|award|award_category:|m|04dn09n	0.5725239151096875	*

|award|award_winning_work:|m|0sxlb	|award|award_category:|m|09d28z	5.311768888123243	*
|award|award_winning_work:|m|0sxlb	|award|award_category:|m|02wwsh8	0.6520937332105624	

|award|award_winning_work:|m|0404j37	|award|award_category:|m|040njc	1.669798462398941	*
|award|award_winning_work:|m|0404j37	|award|award_category:|m|02x4sn8	-1.7345632020714925	

|award|award_winning_work:|m|03hmt9b	|award|award_category:|m|0p9sw	3.6345037495657606	*

|award|award_winning_work:|m|04vvh9	|award|award_category:|m|05zvj3m	0.23069230375469507	

|award|award_winning_work:|m|01fx1l	|award|award_category:|m|0fbtbt	0.8453474071231699	
|award|award_winning_work:|m|01fx1l	|award|award_category:|m|0gkr9q	0.7889691212820795	*

|award|award_winning_work:|m|0407yfx	|award|award_category:|m|0drtkx	-0.35707082759625786	*
|award|award_winning_work:|m|0407yfx	|award|award_category:|m|0gqz2	-0.3897346535758836	

|award|award_winning_work:|m|04hwbq	|award|award_category:|m|0gq9h	-1.1123130574330045	

|award|award_winning_work:|m|02bqxb	|award|award_category:|m|0k611	-2.3049327464394724	

|award|award_winning_work:|m|0p9tm	|award|award_category:|m|02x4sn8	1.0474232547732367	
|award|award_winning_work:|m|0p9tm	|award|award_category:|m|0gs96	-1.108395813079641	

|award|award_winning_work:|m|0ds2n	|award|award_category:|m|02g3ft	0.48265297289632125	*
|award|award_winning_work:|m|0ds2n	|award|award_category:|m|0gs9p	-1.3393390266483052	

|award|award_winning_work:|m|09q5w2	|award|award_category:|m|099c8n	2.825040567029665	*
|award|award_winning_work:|m|09q5w2	|award|award_category:|m|054krc	2.544516309084647	*
|award|award_winning_work:|m|09q5w2	|award|award_category:|m|0gq9h	1.2777597804997063	*

|award|award_winning_work:|m|0j_t1	|award|award_category:|m|09d28z	2.6711961233095742	*

|award|award_winning_work:|m|02cbhg	|award|award_category:|m|02qvyrt	3.8747147648290405	*

|award|award_winning_work:|m|0sxfd	|award|award_category:|m|02z1nbg	3.8059934604556576	*
|award|award_winning_work:|m|0sxfd	|award|award_category:|m|0gr4k	3.5494048096086095	*
|award|award_winning_work:|m|0sxfd	|award|award_category:|m|0gqy2	0.7774557783289467	*
|award|award_winning_work:|m|0sxfd	|award|award_category:|m|040njc	0.7357067924679099	
|award|award_winning_work:|m|0sxfd	|award|award_category:|m|0gq9h	0.595456056086657	*
|award|award_winning_work:|m|0sxfd	|award|award_category:|m|0gqng	0.29557576486567655	
|award|award_winning_work:|m|0sxfd	|award|award_category:|m|09lvl1	-0.4261926062852934	

|award|award_winning_work:|m|0hmr4	|award|award_category:|m|02z1nbg	4.623603040658456	
|award|award_winning_work:|m|0hmr4	|award|award_category:|m|09cn0c	4.237919033670018	*
|award|award_winning_work:|m|0hmr4	|award|award_category:|m|09d28z	2.926730393460177	*
|award|award_winning_work:|m|0hmr4	|award|award_category:|m|02wypbh	2.2389300489399906	

|award|award_winning_work:|m|0p9rz	|award|award_category:|m|0gr0m	0.4460635197957901	*

|award|award_winning_work:|m|05dl1s	|award|award_category:|m|0fdtd7	3.433450149032918	*

|award|award_winning_work:|m|01fx4k	|award|award_category:|m|02z1nbg	3.4063536102570757	*
|award|award_winning_work:|m|01fx4k	|award|award_category:|m|0gqy2	0.6528747219463804	

|award|award_winning_work:|m|015g28	|award|award_category:|m|0m7yy	2.15579703322963	*
|award|award_winning_work:|m|015g28	|award|award_category:|m|07z2lx	2.019387657169834	*

|award|award_winning_work:|m|03xf_m	|award|award_category:|m|0p9sw	2.5501520929563415	*

|award|award_winning_work:|m|01c9d	|award|award_category:|m|0gr4k	1.2072160885874066	

|award|award_winning_work:|m|0ywrc	|award|award_category:|m|0gr4k	2.150352881246191	*

|award|award_winning_work:|m|026390q	|award|award_category:|m|027b9k6	4.075250299094843	*
|award|award_winning_work:|m|026390q	|award|award_category:|m|02z1nbg	3.6706992875256814	*
|award|award_winning_work:|m|026390q	|award|award_category:|m|040njc	0.8366135657632225	
|award|award_winning_work:|m|026390q	|award|award_category:|m|0gr51	-0.18502879068591999	*

|award|award_winning_work:|m|06823p	|award|award_category:|m|02r22gf	-2.071967321764155	

|award|award_winning_work:|m|0fhzwl	|award|award_category:|m|0gqyl	-4.512476314683829	

